,time,weathercode,temperature_2m_max,temperature_2m_min,apparent_temperature_max,apparent_temperature_min,sunrise,sunset,precipitation_sum,precipitation_hours,windspeed_10m_max,windgusts_10m_max,winddirection_10m_dominant,shortwave_radiation_sum,capital_cities
0,2021-11-12,3,18.1,7.9,16.4,5.5,2021-11-12T06:24,2021-11-12T16:25,0.0,0,6.4,3.1,125,8.73,Tirana
1,2021-11-13,3,18.4,7.6,17.9,4.9,2021-11-13T06:25,2021-11-13T16:24,0.0,0,7.6,4.8,128,9.63,Tirana
2,2021-11-14,3,18.2,9.4,17.8,7.6,2021-11-14T06:26,2021-11-14T16:23,0.0,0,5.4,2.4,125,5.43,Tirana
3,2021-11-15,3,20.1,9.2,18.9,7.5,2021-11-15T06:27,2021-11-15T16:22,0.0,0,5.4,4.3,140,8.54,Tirana
4,2021-11-16,3,20.8,10.7,19.4,8.9,2021-11-16T06:29,2021-11-16T16:22,0.0,0,8.9,4.5,123,9.51,Tirana
5,2021-11-17,3,16.4,9.1,15.2,7.2,2021-11-17T06:30,2021-11-17T16:21,0.01,1,6.2,3.3,121,5.14,Tirana
6,2021-11-18,3,18.5,9.1,17.8,7.5,2021-11-18T06:31,2021-11-18T16:20,0.0,0,4.8,3.3,129,5.8,Tirana
7,2021-11-19,2,18.8,8.8,17.1,7.2,2021-11-19T06:32,2021-11-19T16:19,0.0,0,9.5,6.4,35,9.49,Tirana
8,2021-11-20,3,19.6,8.6,17.5,6.2,2021-11-20T06:33,2021-11-20T16:19,0.0,0,7.5,6.9,62,8.89,Tirana
9,2021-11-12,3,9.0,4.1,5.4,0.5,2021-11-12T07:40,2021-11-12T17:36,0.18,9,11.9,20.3,11,6.24,Andorra la Vella
10,2021-11-13,3,10.0,3.5,7.8,-0.1,2021-11-13T07:41,2021-11-13T17:35,0.0,0,8.6,11.1,16,8.36,Andorra la Vella
11,2021-11-14,2,7.2,1.0,2.9,-2.7,2021-11-14T07:42,2021-11-14T17:34,0.04,4,14.5,20.6,27,8.45,Andorra la Vella
12,2021-11-15,71,4.8,0.1,0.5,-3.8,2021-11-15T07:43,2021-11-15T17:33,1.02,17,13.8,22.0,26,7.17,Andorra la Vella
13,2021-11-16,3,8.2,1.1,5.4,-2.9,2021-11-16T07:45,2021-11-16T17:32,0.0,0,9.6,11.7,12,7.55,Andorra la Vella
14,2021-11-17,1,7.9,2.2,2.9,-2.4,2021-11-17T07:46,2021-11-17T17:31,0.0,0,14.4,19.0,22,11.15,Andorra la Vella
15,2021-11-18,3,9.4,2.5,4.9,-2.4,2021-11-18T07:47,2021-11-18T17:30,0.0,0,11.8,23.3,12,10.23,Andorra la Vella
16,2021-11-19,0,12.3,3.4,9.6,-1.3,2021-11-19T07:48,2021-11-19T17:30,0.0,0,9.8,16.9,359,10.52,Andorra la Vella
17,2021-11-20,0,11.5,4.4,8.3,1.1,2021-11-20T07:49,2021-11-20T17:29,0.0,0,7.7,7.7,53,10.3,Andorra la Vella
18,2021-11-12,2,8.9,1.4,5.7,-2.2,2021-11-12T04:42,2021-11-12T14:49,0.0,0,8.5,6.6,49,11.39,Yerevan
19,2021-11-13,0,9.7,2.0,7.2,-1.2,2021-11-13T04:44,2021-11-13T14:48,0.0,0,7.4,4.7,26,11.52,Yerevan
20,2021-11-14,3,10.8,1.6,8.4,-1.9,2021-11-14T04:45,2021-11-14T14:47,0.0,0,8.0,4.2,24,11.4,Yerevan
21,2021-11-15,3,10.3,2.2,7.9,-0.9,2021-11-15T04:46,2021-11-15T14:46,0.0,0,7.5,5.0,20,9.5,Yerevan
22,2021-11-16,3,12.6,2.2,9.6,-1.1,2021-11-16T04:47,2021-11-16T14:46,0.0,0,20.4,9.9,36,11.16,Yerevan
23,2021-11-17,2,9.6,2.1,6.7,-1.4,2021-11-17T04:48,2021-11-17T14:45,0.0,0,7.7,3.3,31,10.89,Yerevan
24,2021-11-18,3,9.3,1.7,6.6,-1.7,2021-11-18T04:49,2021-11-18T14:44,0.0,0,8.6,5.9,16,10.01,Yerevan
25,2021-11-19,2,9.0,1.3,6.5,-2.0,2021-11-19T04:50,2021-11-19T14:44,0.0,0,8.8,6.3,41,9.93,Yerevan
26,2021-11-20,3,10.0,1.1,8.0,-2.8,2021-11-20T04:52,2021-11-20T14:43,1.41,9,9.1,7.7,53,7.53,Yerevan
27,2021-11-12,45,6.2,3.7,3.9,1.0,2021-11-12T06:55,2021-11-12T16:21,0.0,0,11.3,4.9,118,1.74,Vienna
28,2021-11-13,53,5.4,1.5,3.3,-0.9,2021-11-13T06:57,2021-11-13T16:20,0.25,5,8.0,4.8,162,1.52,Vienna
29,2021-11-14,45,6.6,4.8,4.1,3.1,2021-11-14T06:58,2021-11-14T16:19,0.0,0,7.1,1.6,56,2.03,Vienna
30,2021-11-15,45,9.8,3.0,7.6,1.2,2021-11-15T07:00,2021-11-15T16:18,0.0,0,8.2,2.4,93,6.63,Vienna
31,2021-11-16,3,9.3,5.0,5.1,2.3,2021-11-16T07:01,2021-11-16T16:17,0.0,0,23.1,21.5,135,5.1,Vienna
32,2021-11-17,3,7.9,4.5,6.5,2.3,2021-11-17T07:03,2021-11-17T16:15,0.07,6,6.3,4.0,122,2.24,Vienna
33,2021-11-18,3,10.1,7.2,6.6,3.9,2021-11-18T07:04,2021-11-18T16:14,0.07,5,17.1,13.4,277,4.55,Vienna
34,2021-11-19,61,10.3,8.0,6.7,2.8,2021-11-19T07:06,2021-11-19T16:13,0.87,12,28.4,39.1,274,1.64,Vienna
35,2021-11-20,3,12.4,8.0,8.3,4.7,2021-11-20T07:07,2021-11-20T16:12,0.0,0,19.9,28.8,286,5.43,Vienna
36,2021-11-12,3,12.1,9.4,9.3,4.8,2021-11-12T04:19,2021-11-12T14:26,0.24,10,31.9,2.6,243,7.79,Baku
37,2021-11-13,2,13.7,10.7,12.0,4.8,2021-11-13T04:20,2021-11-13T14:25,0.0,0,39.4,10.2,248,10.44,Baku
38,2021-11-14,3,13.2,11.9,9.9,8.0,2021-11-14T04:22,2021-11-14T14:24,0.0,0,28.5,12.9,36,8.68,Baku
39,2021-11-15,3,14.8,12.3,12.2,6.0,2021-11-15T04:23,2021-11-15T14:23,0.13,5,42.0,16.4,263,4.67,Baku
40,2021-11-16,3,11.9,8.1,3.6,-3.2,2021-11-16T04:24,2021-11-16T14:23,0.15,5,73.5,46.7,353,3.8,Baku
41,2021-11-17,3,12.1,8.0,8.3,2.5,2021-11-17T04:25,2021-11-17T14:22,0.62,13,26.1,3.3,201,5.16,Baku
42,2021-11-18,80,12.9,11.7,11.2,6.0,2021-11-18T04:26,2021-11-18T14:21,1.35,12,41.4,10.7,149,4.03,Baku
43,2021-11-19,3,13.0,11.9,9.7,5.8,2021-11-19T04:27,2021-11-19T14:20,0.21,3,35.7,22.1,190,6.12,Baku
44,2021-11-20,3,13.9,11.6,9.8,6.6,2021-11-20T04:28,2021-11-20T14:20,0.0,0,36.8,26.4,246,9.8,Baku
45,2021-11-12,51,7.9,2.5,3.8,-0.1,2021-11-12T06:29,2021-11-12T15:18,0.1,3,17.7,14.7,286,4.23,Minsk
46,2021-11-13,45,2.4,-1.8,-0.3,-4.5,2021-11-13T06:31,2021-11-13T15:16,0.0,0,11.7,5.2,126,2.83,Minsk
47,2021-11-14,3,2.8,0.6,0.2,-2.8,2021-11-14T06:33,2021-11-14T15:14,0.05,1,10.3,11.7,106,1.5,Minsk
48,2021-11-15,3,2.0,-3.1,-1.3,-7.0,2021-11-15T06:35,2021-11-15T15:13,0.0,0,10.1,16.9,89,3.54,Minsk
49,2021-11-16,3,-0.1,-3.5,-3.8,-7.4,2021-11-16T06:37,2021-11-16T15:11,0.0,0,10.4,16.0,189,1.61,Minsk
50,2021-11-17,48,-0.2,-2.9,-3.9,-6.7,2021-11-17T06:39,2021-11-17T15:10,0.0,0,11.2,11.7,181,1.96,Minsk
51,2021-11-18,61,5.4,-0.7,1.5,-4.6,2021-11-18T06:41,2021-11-18T15:08,0.63,9,14.1,26.7,226,1.78,Minsk
52,2021-11-19,80,5.2,1.8,1.1,-2.5,2021-11-19T06:42,2021-11-19T15:07,1.74,12,19.7,26.2,271,1.76,Minsk
53,2021-11-20,80,7.8,1.5,2.8,-2.1,2021-11-20T06:44,2021-11-20T15:06,1.44,15,25.8,22.5,277,1.16,Minsk
54,2021-11-12,45,11.0,2.8,7.8,-0.1,2021-11-12T07:51,2021-11-12T17:01,0.05,3,17.1,5.4,200,5.45,Brussels
55,2021-11-13,80,11.6,9.1,10.2,5.6,2021-11-13T07:53,2021-11-13T17:00,5.96,23,19.3,13.6,245,0.96,Brussels
56,2021-11-14,61,10.3,7.7,9.5,5.8,2021-11-14T07:55,2021-11-14T16:59,0.52,7,12.5,12.3,44,1.89,Brussels
57,2021-11-15,3,8.8,5.5,6.1,3.1,2021-11-15T07:56,2021-11-15T16:57,0.0,0,10.9,12.2,45,2.12,Brussels
58,2021-11-16,3,7.7,5.9,5.5,3.9,2021-11-16T07:58,2021-11-16T16:56,0.06,6,8.2,6.1,336,2.29,Brussels
59,2021-11-17,3,11.0,5.8,8.9,3.2,2021-11-17T08:00,2021-11-17T16:55,0.03,3,14.3,18.1,238,3.02,Brussels
60,2021-11-18,3,10.0,5.6,8.2,2.8,2021-11-18T08:01,2021-11-18T16:53,0.0,0,13.9,19.6,229,4.34,Brussels
61,2021-11-19,3,12.9,9.7,11.5,8.4,2021-11-19T08:03,2021-11-19T16:52,0.06,6,11.1,14.5,255,2.37,Brussels
62,2021-11-20,3,11.6,8.7,9.6,6.9,2021-11-20T08:05,2021-11-20T16:51,0.07,7,18.6,15.6,237,3.15,Brussels
63,2021-11-12,45,10.2,6.4,8.8,5.2,2021-11-12T06:35,2021-11-12T16:25,0.0,0,5.5,2.3,292,5.13,Sarajevo
64,2021-11-13,3,12.8,4.6,11.8,1.9,2021-11-13T06:37,2021-11-13T16:24,0.0,0,7.4,1.8,70,7.97,Sarajevo
65,2021-11-14,61,12.7,7.6,12.4,5.7,2021-11-14T06:38,2021-11-14T16:23,0.56,8,6.5,3.1,50,4.65,Sarajevo
66,2021-11-15,3,10.9,6.3,9.5,4.7,2021-11-15T06:39,2021-11-15T16:22,0.0,0,7.5,1.9,302,4.78,Sarajevo
67,2021-11-16,3,9.6,3.7,7.9,1.3,2021-11-16T06:41,2021-11-16T16:21,0.0,0,6.8,3.3,51,7.95,Sarajevo
68,2021-11-17,45,10.4,4.5,8.8,2.2,2021-11-17T06:42,2021-11-17T16:20,0.01,1,5.1,1.4,79,6.99,Sarajevo
69,2021-11-18,45,7.5,5.6,5.5,3.8,2021-11-18T06:43,2021-11-18T16:19,0.14,14,5.9,2.5,274,1.46,Sarajevo
70,2021-11-19,3,8.6,2.5,6.7,0.2,2021-11-19T06:44,2021-11-19T16:19,0.04,4,5.3,4.8,243,6.55,Sarajevo
71,2021-11-20,45,13.6,3.9,12.9,1.2,2021-11-20T06:46,2021-11-20T16:18,0.05,5,8.8,6.3,157,5.29,Sarajevo
72,2021-11-12,45,10.9,2.0,8.6,-0.3,2021-11-12T06:13,2021-11-12T16:08,0.0,0,4.4,0.7,47,9.34,Sofia
73,2021-11-13,45,11.5,1.8,8.8,-0.1,2021-11-13T06:14,2021-11-13T16:07,0.0,0,5.1,2.0,57,9.36,Sofia
74,2021-11-14,45,9.7,2.5,7.2,0.1,2021-11-14T06:15,2021-11-14T16:06,0.0,0,5.4,1.2,66,9.01,Sofia
75,2021-11-15,45,10.1,2.7,6.1,0.2,2021-11-15T06:17,2021-11-15T16:05,0.0,0,15.1,1.4,82,8.4,Sofia
76,2021-11-16,61,9.5,4.7,4.7,1.3,2021-11-16T06:18,2021-11-16T16:04,0.54,5,20.0,21.3,95,6.63,Sofia
77,2021-11-17,45,8.6,2.9,5.8,0.2,2021-11-17T06:19,2021-11-17T16:03,0.0,0,10.4,8.1,81,5.9,Sofia
78,2021-11-18,45,10.0,1.1,7.7,-1.0,2021-11-18T06:20,2021-11-18T16:03,0.0,0,10.3,1.1,286,7.42,Sofia
79,2021-11-19,3,9.1,4.8,4.4,1.3,2021-11-19T06:22,2021-11-19T16:02,0.0,0,18.7,19.0,281,7.21,Sofia
80,2021-11-20,3,10.0,6.0,6.7,2.8,2021-11-20T06:23,2021-11-20T16:01,0.0,0,15.4,12.5,284,3.93,Sofia
81,2021-11-12,45,6.0,5.3,4.4,3.6,2021-11-12T06:50,2021-11-12T16:30,0.0,0,3.9,2.2,90,1.34,Zagreb
82,2021-11-13,61,9.6,5.5,8.2,3.6,2021-11-13T06:51,2021-11-13T16:29,0.04,1,5.5,4.3,80,2.48,Zagreb
83,2021-11-14,80,8.5,7.1,7.4,4.9,2021-11-14T06:53,2021-11-14T16:27,2.14,12,8.2,4.3,73,0.88,Zagreb
84,2021-11-15,3,11.6,6.3,8.9,5.0,2021-11-15T06:54,2021-11-15T16:26,0.0,0,10.6,2.6,62,5.53,Zagreb
85,2021-11-16,3,8.8,6.3,6.5,3.2,2021-11-16T06:56,2021-11-16T16:25,0.01,1,13.9,4.9,53,2.0,Zagreb
86,2021-11-17,3,8.6,6.7,6.7,5.3,2021-11-17T06:57,2021-11-17T16:24,0.0,0,7.2,2.3,86,2.04,Zagreb
87,2021-11-18,3,10.3,5.2,8.7,3.2,2021-11-18T06:58,2021-11-18T16:23,0.0,0,4.6,6.8,282,3.11,Zagreb
88,2021-11-19,3,10.0,3.1,8.6,0.6,2021-11-19T07:00,2021-11-19T16:23,0.0,0,6.9,8.1,272,4.59,Zagreb
89,2021-11-20,45,13.8,4.2,13.2,2.0,2021-11-20T07:01,2021-11-20T16:22,0.0,0,5.0,8.1,352,7.17,Zagreb
90,2021-11-12,3,22.1,9.6,20.1,7.6,2021-11-12T05:17,2021-11-12T15:44,0.0,0,9.3,4.5,322,14.21,Nicosia
91,2021-11-13,3,22.7,10.5,22.3,9.2,2021-11-13T05:18,2021-11-13T15:43,0.0,0,12.4,7.2,352,10.94,Nicosia
92,2021-11-14,3,25.0,11.6,23.4,10.7,2021-11-14T05:19,2021-11-14T15:42,0.0,0,12.8,6.0,125,13.05,Nicosia
93,2021-11-15,3,25.7,13.0,25.3,12.1,2021-11-15T05:20,2021-11-15T15:42,0.0,0,8.4,3.5,287,12.97,Nicosia
94,2021-11-16,3,25.2,12.2,23.0,11.1,2021-11-16T05:21,2021-11-16T15:41,0.0,0,7.1,2.5,327,13.58,Nicosia
95,2021-11-17,3,22.7,12.4,22.5,12.0,2021-11-17T05:22,2021-11-17T15:41,0.0,0,7.9,4.7,317,9.86,Nicosia
96,2021-11-18,3,23.8,11.6,23.9,11.4,2021-11-18T05:23,2021-11-18T15:40,0.0,0,6.0,4.5,312,12.58,Nicosia
97,2021-11-19,3,22.4,13.2,22.5,13.1,2021-11-19T05:24,2021-11-19T15:39,0.45,6,7.6,9.7,271,11.98,Nicosia
98,2021-11-20,1,21.6,11.9,20.5,11.0,2021-11-20T05:25,2021-11-20T15:39,0.03,3,10.3,2.5,323,12.15,Nicosia
99,2021-11-12,3,5.7,4.2,3.1,2.1,2021-11-12T07:09,2021-11-12T16:23,0.0,0,7.2,1.7,136,2.3,Prague
100,2021-11-13,61,5.5,4.5,3.0,2.2,2021-11-13T07:10,2021-11-13T16:22,1.47,5,6.1,4.6,189,1.71,Prague
101,2021-11-14,61,7.3,4.5,5.1,2.7,2021-11-14T07:12,2021-11-14T16:21,0.7,3,7.4,3.8,42,2.19,Prague
102,2021-11-15,45,8.6,3.8,6.1,1.9,2021-11-15T07:14,2021-11-15T16:19,0.0,0,9.7,5.4,59,4.87,Prague
103,2021-11-16,45,9.3,2.9,6.7,0.7,2021-11-16T07:15,2021-11-16T16:18,0.0,0,10.5,4.8,108,3.63,Prague
104,2021-11-17,3,8.4,5.1,5.6,3.2,2021-11-17T07:17,2021-11-17T16:17,0.08,4,10.4,3.8,227,2.03,Prague
105,2021-11-18,61,9.3,6.2,5.5,3.0,2021-11-18T07:18,2021-11-18T16:16,0.35,12,16.8,21.6,245,4.43,Prague
106,2021-11-19,61,10.6,7.0,7.6,2.7,2021-11-19T07:20,2021-11-19T16:15,0.6,14,20.4,25.9,251,0.81,Prague
107,2021-11-20,3,11.2,8.2,7.1,4.4,2021-11-20T07:21,2021-11-20T16:14,0.03,3,22.5,27.1,253,3.56,Prague
108,2021-11-12,3,10.0,5.6,8.3,3.4,2021-11-12T07:37,2021-11-12T16:10,0.0,0,19.4,7.7,186,3.08,Copenhagen
109,2021-11-13,61,9.5,7.7,6.5,4.3,2021-11-13T07:39,2021-11-13T16:09,0.3,6,17.4,17.0,130,1.16,Copenhagen
110,2021-11-14,61,8.5,6.3,6.0,3.3,2021-11-14T07:41,2021-11-14T16:07,0.12,8,17.1,18.8,69,1.09,Copenhagen
111,2021-11-15,61,8.6,6.6,5.9,3.8,2021-11-15T07:43,2021-11-15T16:05,0.22,11,12.5,16.6,109,1.75,Copenhagen
112,2021-11-16,3,8.3,7.0,6.3,4.6,2021-11-16T07:45,2021-11-16T16:03,0.1,6,11.8,7.5,139,1.57,Copenhagen
113,2021-11-17,61,8.1,6.1,5.4,2.5,2021-11-17T07:47,2021-11-17T16:02,1.27,8,18.2,19.7,235,1.15,Copenhagen
114,2021-11-18,61,11.1,6.0,7.9,2.4,2021-11-18T07:49,2021-11-18T16:00,1.41,9,21.8,33.7,260,2.18,Copenhagen
115,2021-11-19,61,11.5,4.8,8.6,-1.5,2021-11-19T07:51,2021-11-19T15:59,2.97,15,35.2,29.9,282,0.31,Copenhagen
116,2021-11-20,61,5.3,0.9,-0.9,-4.0,2021-11-20T07:53,2021-11-20T15:57,4.93,10,39.9,29.2,272,2.7,Copenhagen
117,2021-11-12,3,7.1,5.3,2.2,0.8,2021-11-12T07:06,2021-11-12T15:04,0.12,4,27.2,21.9,298,1.96,Tallinn
118,2021-11-13,45,5.0,0.8,2.2,-2.1,2021-11-13T07:08,2021-11-13T15:01,0.0,0,8.2,11.2,206,1.82,Tallinn
119,2021-11-14,3,4.4,1.2,1.4,-1.6,2021-11-14T07:11,2021-11-14T14:59,0.0,0,13.6,3.5,33,2.27,Tallinn
120,2021-11-15,45,1.7,-2.5,-0.7,-6.4,2021-11-15T07:13,2021-11-15T14:57,0.0,0,16.9,2.6,197,2.1,Tallinn
121,2021-11-16,3,6.1,0.8,2.6,-3.7,2021-11-16T07:16,2021-11-16T14:55,0.03,2,17.9,29.2,214,1.16,Tallinn
122,2021-11-17,3,5.4,3.3,2.0,-1.3,2021-11-17T07:18,2021-11-17T14:53,0.16,10,19.0,25.8,187,1.05,Tallinn
123,2021-11-18,61,6.0,3.2,2.8,-0.5,2021-11-18T07:20,2021-11-18T14:51,1.75,17,18.6,23.5,226,1.43,Tallinn
124,2021-11-19,3,5.9,3.2,0.6,-0.7,2021-11-19T07:23,2021-11-19T14:49,0.54,12,31.6,20.6,284,1.73,Tallinn
125,2021-11-20,3,5.2,2.5,2.1,-1.4,2021-11-20T07:25,2021-11-20T14:47,2.62,22,11.1,13.4,319,1.14,Tallinn
126,2021-11-12,3,6.3,2.5,2.0,-0.3,2021-11-12T07:09,2021-11-12T14:59,0.0,0,21.5,14.0,294,1.9,Helsinki
127,2021-11-13,45,3.5,0.3,1.5,-2.7,2021-11-13T07:12,2021-11-13T14:56,0.0,0,6.2,3.0,330,1.94,Helsinki
128,2021-11-14,3,2.7,-1.7,0.1,-5.3,2021-11-14T07:14,2021-11-14T14:54,0.0,0,12.9,7.6,352,2.33,Helsinki
129,2021-11-15,48,5.7,-2.8,1.3,-6.3,2021-11-15T07:17,2021-11-15T14:52,0.0,0,22.0,7.3,223,1.71,Helsinki
130,2021-11-16,3,7.3,5.7,4.4,1.5,2021-11-16T07:19,2021-11-16T14:50,0.08,4,18.3,24.2,242,0.74,Helsinki
131,2021-11-17,61,7.0,4.6,3.5,-0.6,2021-11-17T07:22,2021-11-17T14:48,1.59,21,25.0,30.7,200,0.67,Helsinki
132,2021-11-18,61,6.5,2.7,2.8,-0.8,2021-11-18T07:24,2021-11-18T14:46,2.83,8,25.9,23.2,238,1.62,Helsinki
133,2021-11-19,3,4.7,-2.9,-0.5,-9.8,2021-11-19T07:27,2021-11-19T14:44,0.0,0,36.3,27.0,287,1.55,Helsinki
134,2021-11-20,61,-2.0,-4.8,-5.5,-10.7,2021-11-20T07:29,2021-11-20T14:42,1.86,18,26.6,7.6,330,0.83,Helsinki
135,2021-11-12,45,11.9,1.5,10.6,-1.0,2021-11-12T07:53,2021-11-12T17:16,0.0,0,11.8,9.6,172,6.48,Paris
136,2021-11-13,61,13.4,10.3,11.8,9.0,2021-11-13T07:55,2021-11-13T17:14,0.59,12,11.2,12.5,266,2.71,Paris
137,2021-11-14,80,12.8,8.8,10.8,7.2,2021-11-14T07:56,2021-11-14T17:13,0.46,15,11.7,12.3,1,3.23,Paris
138,2021-11-15,3,10.6,6.7,8.0,4.4,2021-11-15T07:58,2021-11-15T17:12,0.0,0,11.2,12.4,12,3.22,Paris
139,2021-11-16,3,8.3,6.8,6.1,4.6,2021-11-16T07:59,2021-11-16T17:11,0.02,1,6.9,4.2,351,1.99,Paris
140,2021-11-17,61,13.3,5.1,12.0,3.1,2021-11-17T08:01,2021-11-17T17:10,0.17,2,8.6,4.5,255,5.29,Paris
141,2021-11-18,3,12.3,5.8,10.6,4.3,2021-11-18T08:02,2021-11-18T17:09,0.0,0,6.5,5.5,249,5.09,Paris
142,2021-11-19,45,13.6,8.5,13.2,7.3,2021-11-19T08:04,2021-11-19T17:07,0.0,0,6.1,4.0,278,3.15,Paris
143,2021-11-20,45,12.5,8.9,11.4,8.4,2021-11-20T08:06,2021-11-20T17:06,0.01,1,4.4,4.4,301,5.39,Paris
144,2021-11-12,45,8.3,0.5,5.4,-2.3,2021-11-12T04:45,2021-11-12T14:44,0.0,0,9.2,7.8,156,6.88,Tbilisi
145,2021-11-13,45,13.5,0.1,11.4,-2.8,2021-11-13T04:46,2021-11-13T14:44,0.0,0,6.8,7.2,290,10.48,Tbilisi
146,2021-11-14,61,9.6,1.7,6.5,-1.2,2021-11-14T04:47,2021-11-14T14:43,0.11,3,13.6,4.1,150,7.86,Tbilisi
147,2021-11-15,61,14.6,2.9,11.3,0.7,2021-11-15T04:48,2021-11-15T14:42,0.13,3,27.3,5.0,329,9.85,Tbilisi
148,2021-11-16,61,13.8,2.3,8.3,-1.1,2021-11-16T04:49,2021-11-16T14:41,2.87,14,33.0,25.9,324,8.06,Tbilisi
149,2021-11-17,61,5.1,-1.3,1.4,-4.3,2021-11-17T04:51,2021-11-17T14:40,0.34,7,11.2,9.1,151,4.6,Tbilisi
150,2021-11-18,45,8.1,-2.1,4.6,-5.1,2021-11-18T04:52,2021-11-18T14:39,0.0,0,9.9,7.4,175,9.45,Tbilisi
151,2021-11-19,3,10.5,-1.4,8.2,-4.5,2021-11-19T04:53,2021-11-19T14:39,0.0,0,4.5,7.9,279,9.32,Tbilisi
152,2021-11-20,61,9.2,-1.5,5.7,-4.6,2021-11-20T04:54,2021-11-20T14:38,0.2,7,15.3,9.6,305,4.59,Tbilisi
153,2021-11-12,45,8.9,3.7,6.6,0.6,2021-11-12T07:21,2021-11-12T16:19,0.0,0,13.5,8.0,152,1.82,Berlin
154,2021-11-13,61,7.9,3.1,5.9,-0.2,2021-11-13T07:23,2021-11-13T16:18,0.39,5,10.7,6.2,155,3.06,Berlin
155,2021-11-14,61,7.4,3.8,4.8,1.7,2021-11-14T07:25,2021-11-14T16:16,0.22,4,9.8,4.5,55,2.78,Berlin
156,2021-11-15,3,6.6,4.7,3.6,2.0,2021-11-15T07:26,2021-11-15T16:15,0.1,9,10.9,14.7,87,2.08,Berlin
157,2021-11-16,45,8.1,2.6,5.7,-0.3,2021-11-16T07:28,2021-11-16T16:13,0.01,1,8.5,7.7,115,2.81,Berlin
158,2021-11-17,61,8.0,5.3,5.1,2.7,2021-11-17T07:30,2021-11-17T16:12,0.57,11,13.2,13.1,241,1.91,Berlin
159,2021-11-18,61,8.8,7.3,5.4,4.0,2021-11-18T07:32,2021-11-18T16:11,1.85,19,20.9,29.4,250,1.05,Berlin
160,2021-11-19,61,12.4,9.1,9.7,5.4,2021-11-19T07:33,2021-11-19T16:10,0.79,17,20.6,36.8,274,0.97,Berlin
161,2021-11-20,3,11.5,10.3,8.3,6.9,2021-11-20T07:35,2021-11-20T16:08,0.07,7,20.8,43.7,265,1.16,Berlin
162,2021-11-12,3,17.1,9.1,16.0,7.2,2021-11-12T06:01,2021-11-12T16:17,0.0,0,4.9,5.9,58,10.03,Athens
163,2021-11-13,3,16.6,6.9,14.9,4.8,2021-11-13T06:02,2021-11-13T16:16,0.0,0,5.5,6.6,67,11.03,Athens
164,2021-11-14,3,16.9,9.7,16.6,8.4,2021-11-14T06:03,2021-11-14T16:15,0.0,0,5.7,4.5,63,5.5,Athens
165,2021-11-15,3,18.4,11.5,16.8,10.2,2021-11-15T06:04,2021-11-15T16:14,0.01,1,12.5,14.1,53,8.37,Athens
166,2021-11-16,3,15.8,11.2,13.1,9.8,2021-11-16T06:05,2021-11-16T16:14,0.02,1,15.4,13.5,44,7.75,Athens
167,2021-11-17,3,16.3,9.5,14.7,8.2,2021-11-17T06:06,2021-11-17T16:13,0.0,0,7.8,9.0,56,7.65,Athens
168,2021-11-18,3,17.1,7.4,16.1,5.5,2021-11-18T06:07,2021-11-18T16:12,0.0,0,5.6,7.2,66,10.95,Athens
169,2021-11-19,3,18.0,9.6,17.5,8.3,2021-11-19T06:08,2021-11-19T16:12,0.0,0,5.8,5.7,51,9.06,Athens
170,2021-11-20,2,16.7,7.6,13.8,5.3,2021-11-20T06:09,2021-11-20T16:11,0.0,0,11.6,7.0,14,8.96,Athens
171,2021-11-12,2,9.5,1.6,7.5,-0.8,2021-11-12T06:42,2021-11-12T16:13,0.0,0,4.0,3.7,4,7.43,Budapest
172,2021-11-13,45,5.0,1.3,2.8,-0.9,2021-11-13T06:44,2021-11-13T16:12,0.0,0,7.2,5.1,112,1.65,Budapest
173,2021-11-14,45,8.1,4.6,6.2,2.5,2021-11-14T06:45,2021-11-14T16:10,0.0,0,5.1,7.5,359,2.27,Budapest
174,2021-11-15,45,11.0,4.1,9.7,2.1,2021-11-15T06:47,2021-11-15T16:09,0.0,0,4.0,5.8,22,6.63,Budapest
175,2021-11-16,45,9.4,3.7,7.4,1.5,2021-11-16T06:48,2021-11-16T16:08,0.0,0,6.3,4.9,20,6.69,Budapest
176,2021-11-17,45,8.3,1.6,6.3,-0.8,2021-11-17T06:50,2021-11-17T16:07,0.0,0,6.3,7.1,350,5.86,Budapest
177,2021-11-18,3,10.3,5.1,7.3,3.0,2021-11-18T06:51,2021-11-18T16:06,0.0,0,12.0,7.1,293,5.0,Budapest
178,2021-11-19,61,10.7,6.6,6.9,4.0,2021-11-19T06:53,2021-11-19T16:05,0.21,6,23.5,19.0,292,1.93,Budapest
179,2021-11-20,3,13.1,8.4,8.5,5.6,2021-11-20T06:54,2021-11-20T16:04,0.0,0,23.5,27.2,305,6.33,Budapest
180,2021-11-12,3,2.4,0.5,-1.4,-2.9,2021-11-12T10:44,2021-11-12T17:39,0.0,0,14.2,10.9,97,1.02,Reykjavik
181,2021-11-13,80,10.1,2.5,4.4,-2.2,2021-11-13T10:47,2021-11-13T17:36,12.4,16,49.7,25.5,115,0.49,Reykjavik
182,2021-11-14,80,10.1,2.7,3.8,-4.1,2021-11-14T10:50,2021-11-14T17:33,5.29,20,39.3,50.9,183,0.98,Reykjavik
183,2021-11-15,3,5.4,2.6,1.0,-3.7,2021-11-15T10:54,2021-11-15T17:30,0.49,14,32.3,32.6,198,0.91,Reykjavik
184,2021-11-16,80,4.4,2.2,-1.1,-3.5,2021-11-16T10:57,2021-11-16T17:27,2.12,15,29.6,33.4,242,0.66,Reykjavik
185,2021-11-17,3,2.0,-0.3,-2.4,-5.2,2021-11-17T11:00,2021-11-17T17:25,0.0,0,22.2,6.0,7,0.93,Reykjavik
186,2021-11-18,85,1.7,0.2,-2.5,-4.8,2021-11-18T11:03,2021-11-18T17:22,8.95,16,18.9,16.3,85,0.26,Reykjavik
187,2021-11-19,80,3.4,0.2,0.3,-3.6,2021-11-19T11:06,2021-11-19T17:19,11.35,24,15.7,12.0,235,0.38,Reykjavik
188,2021-11-20,3,2.6,-0.7,0.0,-4.7,2021-11-20T11:09,2021-11-20T17:17,0.13,5,24.7,8.9,0,1.0,Reykjavik
189,2021-11-12,61,13.6,10.2,10.6,6.7,2021-11-12T08:43,2021-11-12T17:35,0.99,6,27.1,42.9,244,1.89,Dublin
190,2021-11-13,3,13.2,9.2,12.1,6.7,2021-11-13T08:44,2021-11-13T17:33,0.0,0,16.5,2.6,266,3.39,Dublin
191,2021-11-14,45,14.5,11.2,15.1,11.1,2021-11-14T08:46,2021-11-14T17:32,0.01,1,4.9,1.4,134,3.6,Dublin
192,2021-11-15,61,12.1,6.2,12.0,4.6,2021-11-15T08:48,2021-11-15T17:30,2.05,5,10.9,3.2,292,4.0,Dublin
193,2021-11-16,61,11.1,5.2,8.4,3.3,2021-11-16T08:50,2021-11-16T17:29,0.12,3,21.3,6.6,244,1.8,Dublin
194,2021-11-17,3,10.5,7.2,7.4,3.8,2021-11-17T08:52,2021-11-17T17:27,0.0,0,16.4,22.6,251,3.57,Dublin
195,2021-11-18,3,14.0,9.8,11.8,7.5,2021-11-18T08:54,2021-11-18T17:26,0.0,0,25.0,27.7,258,2.43,Dublin
196,2021-11-19,3,13.3,10.5,10.8,7.9,2021-11-19T08:55,2021-11-19T17:25,0.01,1,17.2,22.6,241,4.06,Dublin
197,2021-11-20,61,12.1,5.4,9.9,1.7,2021-11-20T08:57,2021-11-20T17:23,1.19,5,26.2,28.6,258,2.32,Dublin
198,2021-11-12,45,19.8,13.2,19.3,13.7,2021-11-12T06:54,2021-11-12T16:53,0.03,2,10.5,1.8,118,7.37,Rome
199,2021-11-13,45,19.5,10.2,19.2,9.5,2021-11-13T06:56,2021-11-13T16:52,0.0,0,6.4,4.0,50,9.47,Rome
200,2021-11-14,61,18.9,10.1,18.2,9.2,2021-11-14T06:57,2021-11-14T16:51,5.37,10,13.6,5.3,76,6.64,Rome
201,2021-11-15,3,19.7,12.5,19.2,11.5,2021-11-15T06:58,2021-11-15T16:50,0.03,1,8.6,4.0,53,8.07,Rome
202,2021-11-16,80,17.3,12.3,17.6,11.6,2021-11-16T06:59,2021-11-16T16:50,7.48,12,7.1,5.9,34,3.77,Rome
203,2021-11-17,80,18.9,10.8,19.0,10.2,2021-11-17T07:00,2021-11-17T16:49,0.91,3,8.2,3.9,32,8.42,Rome
204,2021-11-18,45,18.9,10.4,17.9,9.8,2021-11-18T07:02,2021-11-18T16:48,0.0,0,7.8,3.4,14,9.03,Rome
205,2021-11-19,0,18.4,9.3,17.6,8.0,2021-11-19T07:03,2021-11-19T16:47,0.0,0,7.6,3.1,22,9.39,Rome
206,2021-11-20,45,17.6,6.2,16.5,4.7,2021-11-20T07:04,2021-11-20T16:47,0.0,0,2.8,2.9,51,9.35,Rome
207,2021-11-12,71,2.1,-2.8,-3.6,-8.3,2021-11-12T03:24,2021-11-12T12:32,0.32,8,22.8,26.2,241,2.6,Nur-Sultan
208,2021-11-13,71,-1.7,-3.6,-7.8,-9.7,2021-11-13T03:26,2021-11-13T12:31,1.29,11,22.0,33.5,215,3.55,Nur-Sultan
209,2021-11-14,85,-1.7,-4.4,-6.7,-10.2,2021-11-14T03:27,2021-11-14T12:29,2.19,18,25.6,30.7,230,2.2,Nur-Sultan
210,2021-11-15,71,-3.0,-9.4,-7.9,-14.1,2021-11-15T03:29,2021-11-15T12:28,1.53,24,16.9,13.6,302,3.31,Nur-Sultan
211,2021-11-16,3,-5.3,-12.6,-8.9,-16.7,2021-11-16T03:31,2021-11-16T12:26,0.21,12,9.4,6.2,51,3.48,Nur-Sultan
212,2021-11-17,71,-7.3,-13.6,-12.0,-17.6,2021-11-17T03:32,2021-11-17T12:25,0.65,7,23.5,2.4,249,3.54,Nur-Sultan
213,2021-11-18,71,-7.7,-20.7,-13.3,-25.6,2021-11-18T03:34,2021-11-18T12:24,1.63,11,21.8,8.4,282,3.77,Nur-Sultan
214,2021-11-19,3,-10.6,-21.0,-17.1,-26.1,2021-11-19T03:36,2021-11-19T12:23,0.0,0,22.2,12.7,207,4.45,Nur-Sultan
215,2021-11-20,2,-6.4,-12.9,-12.0,-18.5,2021-11-20T03:37,2021-11-20T12:22,0.0,0,15.9,20.2,181,5.31,Nur-Sultan
216,2021-11-12,3,11.2,2.3,9.0,-0.6,2021-11-12T06:22,2021-11-12T16:18,0.0,0,4.5,5.1,104,9.6,Kosovo
217,2021-11-13,3,12.6,1.8,11.0,-1.0,2021-11-13T06:24,2021-11-13T16:17,0.0,0,4.3,4.8,117,10.12,Kosovo
218,2021-11-14,3,11.5,3.1,8.6,-0.2,2021-11-14T06:25,2021-11-14T16:16,0.0,0,7.0,7.1,103,8.69,Kosovo
219,2021-11-15,3,10.8,2.6,6.9,0.0,2021-11-15T06:26,2021-11-15T16:15,0.0,0,18.1,8.6,66,9.29,Kosovo
220,2021-11-16,3,11.4,3.5,7.4,1.2,2021-11-16T06:27,2021-11-16T16:14,0.0,0,18.0,13.5,80,7.69,Kosovo
221,2021-11-17,3,10.5,2.7,8.7,0.4,2021-11-17T06:29,2021-11-17T16:13,0.0,0,4.6,4.2,100,6.57,Kosovo
222,2021-11-18,45,10.0,2.4,7.5,0.1,2021-11-18T06:30,2021-11-18T16:13,0.06,6,9.6,4.9,73,7.37,Kosovo
223,2021-11-19,3,10.4,5.1,8.1,2.6,2021-11-19T06:31,2021-11-19T16:12,0.0,0,7.2,6.8,88,5.96,Kosovo
224,2021-11-20,45,10.9,4.7,9.0,2.9,2021-11-20T06:32,2021-11-20T16:11,0.0,0,4.5,3.9,107,3.23,Kosovo
225,2021-11-12,3,8.4,2.8,4.6,0.2,2021-11-12T06:56,2021-11-12T15:19,0.0,0,17.8,12.4,268,3.95,Riga
226,2021-11-13,45,3.2,0.2,0.1,-2.8,2021-11-13T06:58,2021-11-13T15:17,0.0,0,10.3,9.6,142,1.86,Riga
227,2021-11-14,45,3.4,-0.4,0.1,-3.3,2021-11-14T07:00,2021-11-14T15:15,0.0,0,8.5,9.9,60,2.42,Riga
228,2021-11-15,48,0.5,-2.4,-3.0,-5.8,2021-11-15T07:03,2021-11-15T15:13,0.0,0,12.1,12.4,156,1.89,Riga
229,2021-11-16,77,4.0,0.6,1.0,-2.8,2021-11-16T07:05,2021-11-16T15:11,0.41,16,11.4,16.2,189,1.54,Riga
230,2021-11-17,61,4.6,2.0,1.1,-1.8,2021-11-17T07:07,2021-11-17T15:10,1.13,18,15.9,19.8,182,0.93,Riga
231,2021-11-18,80,6.5,2.4,2.6,-1.0,2021-11-18T07:09,2021-11-18T15:08,3.42,15,18.1,24.8,217,2.13,Riga
232,2021-11-19,3,7.1,2.5,2.2,-0.9,2021-11-19T07:11,2021-11-19T15:06,0.08,8,25.3,21.5,270,3.09,Riga
233,2021-11-20,80,7.4,3.5,3.3,-0.1,2021-11-20T07:13,2021-11-20T15:05,11.61,22,24.3,22.3,284,1.35,Riga
234,2021-11-12,45,6.8,3.0,4.9,0.8,2021-11-12T07:19,2021-11-12T16:52,0.0,0,7.0,5.8,27,5.16,Vaduz
235,2021-11-13,63,6.3,3.1,4.6,0.5,2021-11-13T07:21,2021-11-13T16:51,10.28,12,7.1,6.9,64,2.17,Vaduz
236,2021-11-14,61,6.9,3.6,5.2,1.8,2021-11-14T07:22,2021-11-14T16:49,13.83,16,7.3,2.2,80,4.25,Vaduz
237,2021-11-15,45,8.1,2.7,5.9,0.3,2021-11-15T07:24,2021-11-15T16:48,0.0,0,7.6,4.0,0,6.19,Vaduz
238,2021-11-16,45,8.1,2.7,6.1,0.8,2021-11-16T07:25,2021-11-16T16:47,0.0,0,5.4,1.7,2,6.26,Vaduz
239,2021-11-17,45,6.0,4.3,4.0,2.5,2021-11-17T07:27,2021-11-17T16:46,0.1,9,5.2,2.1,4,2.05,Vaduz
240,2021-11-18,45,8.2,3.5,6.5,1.7,2021-11-18T07:28,2021-11-18T16:45,0.0,0,4.9,4.2,331,5.77,Vaduz
241,2021-11-19,3,11.5,4.5,9.9,2.6,2021-11-19T07:30,2021-11-19T16:44,0.0,0,5.7,3.4,191,5.54,Vaduz
242,2021-11-20,2,13.4,5.6,12.0,2.9,2021-11-20T07:31,2021-11-20T16:43,0.0,0,6.3,6.4,157,7.66,Vaduz
243,2021-11-12,61,7.8,3.2,4.4,1.1,2021-11-12T06:42,2021-11-12T15:24,0.46,5,14.7,5.6,266,4.16,Vilnius
244,2021-11-13,45,3.6,0.4,1.1,-2.0,2021-11-13T06:44,2021-11-13T15:22,0.05,1,11.6,3.1,132,2.42,Vilnius
245,2021-11-14,3,4.2,2.3,1.6,-0.7,2021-11-14T06:46,2021-11-14T15:20,0.06,3,10.2,14.6,87,1.27,Vilnius
246,2021-11-15,3,3.0,-0.4,0.0,-4.0,2021-11-15T06:47,2021-11-15T15:19,0.0,0,10.8,9.7,107,2.38,Vilnius
247,2021-11-16,3,2.7,0.2,-0.7,-3.5,2021-11-16T06:49,2021-11-16T15:17,0.0,0,12.4,15.8,179,1.25,Vilnius
248,2021-11-17,3,2.7,0.9,-1.0,-2.8,2021-11-17T06:51,2021-11-17T15:16,0.03,1,13.6,14.4,184,1.3,Vilnius
249,2021-11-18,61,5.4,2.0,1.4,-1.9,2021-11-18T06:53,2021-11-18T15:14,1.17,21,16.5,30.8,226,1.61,Vilnius
250,2021-11-19,61,5.2,2.8,1.5,-0.7,2021-11-19T06:55,2021-11-19T15:13,3.87,11,14.7,22.5,266,2.73,Vilnius
251,2021-11-20,80,8.0,3.0,3.9,-0.2,2021-11-20T06:57,2021-11-20T15:11,1.59,12,22.7,21.7,276,1.34,Vilnius
252,2021-11-12,45,3.4,-3.0,0.9,-5.7,2021-11-12T07:41,2021-11-12T16:57,0.0,0,6.7,4.9,204,3.71,Luxembourg
253,2021-11-13,80,9.0,1.5,7.8,-0.9,2021-11-13T07:43,2021-11-13T16:56,4.17,19,10.6,7.4,211,1.48,Luxembourg
254,2021-11-14,80,8.8,7.0,6.6,4.4,2021-11-14T07:44,2021-11-14T16:55,0.68,9,13.8,5.6,47,2.11,Luxembourg
255,2021-11-15,3,8.6,5.6,5.4,3.1,2021-11-15T07:46,2021-11-15T16:54,0.0,0,14.2,14.1,48,3.45,Luxembourg
256,2021-11-16,61,7.9,5.2,6.2,3.5,2021-11-16T07:47,2021-11-16T16:52,0.34,6,4.6,4.3,323,2.41,Luxembourg
257,2021-11-17,3,9.1,3.6,6.9,1.3,2021-11-17T07:49,2021-11-17T16:51,0.12,9,9.8,4.8,239,3.34,Luxembourg
258,2021-11-18,45,8.6,4.7,5.8,2.8,2021-11-18T07:51,2021-11-18T16:50,0.01,1,10.1,5.3,243,3.73,Luxembourg
259,2021-11-19,45,11.8,6.0,10.3,4.1,2021-11-19T07:52,2021-11-19T16:49,0.05,5,8.5,8.1,242,2.37,Luxembourg
260,2021-11-20,45,10.3,5.5,8.3,3.8,2021-11-20T07:54,2021-11-20T16:48,0.03,3,11.5,7.6,254,3.37,Luxembourg
261,2021-11-12,3,20.8,14.9,20.7,15.0,2021-11-12T06:34,2021-11-12T16:58,0.0,0,4.0,3.4,240,12.57,Valletta
262,2021-11-13,3,20.8,15.1,21.0,16.0,2021-11-13T06:35,2021-11-13T16:57,0.0,0,3.7,1.7,187,10.21,Valletta
263,2021-11-14,80,20.6,15.9,19.8,16.8,2021-11-14T06:36,2021-11-14T16:56,0.38,6,14.5,4.9,139,8.02,Valletta
264,2021-11-15,80,18.7,15.8,19.4,16.6,2021-11-15T06:37,2021-11-15T16:56,2.69,17,10.8,6.4,338,10.24,Valletta
265,2021-11-16,3,21.9,15.6,21.5,16.4,2021-11-16T06:38,2021-11-16T16:55,0.31,3,15.8,7.1,181,11.42,Valletta
266,2021-11-17,3,20.3,15.4,20.7,16.2,2021-11-17T06:39,2021-11-17T16:54,0.79,4,10.1,7.7,249,11.08,Valletta
267,2021-11-18,3,20.6,15.3,20.5,15.9,2021-11-18T06:40,2021-11-18T16:54,0.03,3,5.3,3.4,270,10.44,Valletta
268,2021-11-19,2,18.8,14.3,19.0,14.6,2021-11-19T06:41,2021-11-19T16:53,0.74,13,14.0,6.7,25,10.95,Valletta
269,2021-11-20,2,18.5,16.5,18.3,15.3,2021-11-20T06:42,2021-11-20T16:53,0.28,5,18.0,12.6,48,10.04,Valletta
270,2021-11-12,45,11.4,0.7,9.2,-1.8,2021-11-12T06:02,2021-11-12T15:35,0.0,0,5.1,5.5,285,7.76,Chisinau
271,2021-11-13,45,9.8,-0.2,6.5,-2.6,2021-11-13T06:03,2021-11-13T15:34,0.0,0,12.2,4.8,124,7.5,Chisinau
272,2021-11-14,3,10.3,3.3,7.6,0.8,2021-11-14T06:05,2021-11-14T15:33,0.02,2,15.9,6.0,117,3.74,Chisinau
273,2021-11-15,3,9.2,3.0,5.7,0.4,2021-11-15T06:06,2021-11-15T15:31,0.0,0,12.2,5.9,28,7.49,Chisinau
274,2021-11-16,2,4.9,-1.9,1.0,-4.9,2021-11-16T06:08,2021-11-16T15:30,0.0,0,9.9,9.5,111,7.23,Chisinau
275,2021-11-17,3,3.9,-3.8,0.2,-7.0,2021-11-17T06:09,2021-11-17T15:29,0.0,0,9.3,8.4,128,7.2,Chisinau
276,2021-11-18,45,4.5,-4.6,2.2,-7.7,2021-11-18T06:11,2021-11-18T15:28,0.0,0,4.1,5.1,201,4.93,Chisinau
277,2021-11-19,61,8.2,-0.2,5.0,-2.9,2021-11-19T06:12,2021-11-19T15:27,1.74,15,17.8,7.8,263,3.1,Chisinau
278,2021-11-20,3,11.1,5.8,8.5,2.9,2021-11-20T06:13,2021-11-20T15:26,0.38,10,17.0,10.9,254,1.92,Chisinau
279,2021-11-12,61,18.4,16.0,16.9,15.3,2021-11-12T07:19,2021-11-12T17:09,0.11,2,21.7,10.9,62,8.22,Monaco
280,2021-11-13,3,16.3,14.6,15.9,14.1,2021-11-13T07:20,2021-11-13T17:08,0.02,1,9.5,8.7,301,8.98,Monaco
281,2021-11-14,3,16.3,14.1,13.8,11.4,2021-11-14T07:22,2021-11-14T17:07,0.0,0,24.9,15.0,67,7.12,Monaco
282,2021-11-15,61,17.1,14.2,13.5,10.1,2021-11-15T07:23,2021-11-15T17:06,5.18,14,29.9,27.3,40,1.53,Monaco
283,2021-11-16,61,18.6,14.6,18.0,13.1,2021-11-16T07:24,2021-11-16T17:05,0.29,4,14.2,11.9,337,8.67,Monaco
284,2021-11-17,61,15.6,13.5,15.5,12.3,2021-11-17T07:25,2021-11-17T17:04,0.96,7,7.3,8.5,313,4.64,Monaco
285,2021-11-18,2,17.7,14.1,17.4,12.3,2021-11-18T07:27,2021-11-18T17:03,0.0,0,9.5,7.5,327,8.22,Monaco
286,2021-11-19,2,17.3,11.3,17.5,9.3,2021-11-19T07:28,2021-11-19T17:03,0.0,0,8.8,6.7,333,8.76,Monaco
287,2021-11-20,3,18.4,10.8,17.9,8.0,2021-11-20T07:29,2021-11-20T17:02,0.0,0,11.3,12.0,339,8.93,Monaco
288,2021-11-12,45,17.2,6.9,17.0,5.4,2021-11-12T06:29,2021-11-12T16:25,0.0,0,4.8,2.9,36,8.48,Podgorica
289,2021-11-13,3,16.4,5.7,14.8,3.5,2021-11-13T06:30,2021-11-13T16:24,0.0,0,5.6,2.7,37,7.81,Podgorica
290,2021-11-14,80,16.0,10.0,15.6,8.4,2021-11-14T06:31,2021-11-14T16:23,0.86,9,5.4,4.1,352,3.95,Podgorica
291,2021-11-15,3,18.0,8.8,17.6,7.7,2021-11-15T06:32,2021-11-15T16:22,0.0,0,5.9,4.1,28,8.95,Podgorica
292,2021-11-16,3,17.9,8.7,17.0,7.0,2021-11-16T06:33,2021-11-16T16:21,0.0,0,5.5,5.1,15,9.27,Podgorica
293,2021-11-17,61,15.9,6.7,14.8,5.1,2021-11-17T06:35,2021-11-17T16:20,0.13,3,4.9,4.8,26,7.04,Podgorica
294,2021-11-18,80,15.2,9.0,15.4,7.7,2021-11-18T06:36,2021-11-18T16:20,1.14,9,4.6,1.5,5,3.49,Podgorica
295,2021-11-19,3,17.3,9.5,16.7,8.0,2021-11-19T06:37,2021-11-19T16:19,0.0,0,10.0,5.4,18,9.12,Podgorica
296,2021-11-20,3,19.1,12.6,18.2,10.7,2021-11-20T06:38,2021-11-20T16:18,0.0,0,8.8,13.5,35,8.27,Podgorica
297,2021-11-12,61,10.1,5.2,8.6,2.1,2021-11-12T07:54,2021-11-12T16:54,0.34,5,18.7,16.0,184,3.25,Amsterdam
298,2021-11-13,80,12.9,9.4,12.0,6.3,2021-11-13T07:56,2021-11-13T16:52,8.9,15,18.7,7.4,239,3.13,Amsterdam
299,2021-11-14,51,10.3,8.6,9.2,6.6,2021-11-14T07:58,2021-11-14T16:51,0.07,4,14.8,10.3,61,1.77,Amsterdam
300,2021-11-15,3,8.5,6.3,6.5,3.9,2021-11-15T08:00,2021-11-15T16:49,0.0,0,11.6,15.6,70,2.7,Amsterdam
301,2021-11-16,3,7.3,6.1,5.2,3.2,2021-11-16T08:02,2021-11-16T16:48,0.03,3,10.5,6.7,176,1.74,Amsterdam
302,2021-11-17,61,11.5,5.9,9.3,3.1,2021-11-17T08:03,2021-11-17T16:47,0.21,4,14.9,18.3,251,2.75,Amsterdam
303,2021-11-18,3,12.7,8.1,10.5,6.2,2021-11-18T08:05,2021-11-18T16:45,0.03,3,22.4,16.9,254,2.35,Amsterdam
304,2021-11-19,3,13.3,11.4,11.0,9.6,2021-11-19T08:07,2021-11-19T16:44,0.19,4,16.4,22.7,275,3.2,Amsterdam
305,2021-11-20,61,13.0,11.3,10.0,7.9,2021-11-20T08:08,2021-11-20T16:43,0.7,15,22.9,24.6,265,3.17,Amsterdam
306,2021-11-12,45,12.7,3.2,10.6,1.3,2021-11-12T06:19,2021-11-12T16:17,0.0,0,4.4,2.3,239,8.84,Skopje
307,2021-11-13,45,12.5,0.6,10.2,-1.9,2021-11-13T06:20,2021-11-13T16:16,0.0,0,3.8,3.1,248,9.85,Skopje
308,2021-11-14,3,11.8,2.6,10.2,0.5,2021-11-14T06:21,2021-11-14T16:15,0.0,0,4.9,1.1,221,8.66,Skopje
309,2021-11-15,45,13.1,3.2,11.8,1.2,2021-11-15T06:22,2021-11-15T16:14,0.01,1,3.6,2.5,214,8.86,Skopje
310,2021-11-16,3,14.1,7.2,11.5,5.6,2021-11-16T06:24,2021-11-16T16:14,0.0,0,9.6,2.5,138,8.46,Skopje
311,2021-11-17,3,12.9,5.5,10.9,3.8,2021-11-17T06:25,2021-11-17T16:13,0.0,0,5.9,1.4,180,8.23,Skopje
312,2021-11-18,45,12.3,3.8,11.2,2.0,2021-11-18T06:26,2021-11-18T16:12,0.0,0,3.3,2.8,249,10.09,Skopje
313,2021-11-19,3,13.3,6.6,11.3,4.4,2021-11-19T06:27,2021-11-19T16:11,0.0,0,5.2,4.8,226,7.45,Skopje
314,2021-11-20,3,13.8,6.5,12.6,4.6,2021-11-20T06:29,2021-11-20T16:11,0.0,0,5.8,4.9,221,6.57,Skopje
315,2021-11-12,61,4.3,-0.5,1.7,-3.9,2021-11-12T08:05,2021-11-12T15:57,0.14,3,8.5,5.8,34,2.66,Oslo
316,2021-11-13,61,4.1,2.9,0.7,-0.5,2021-11-13T08:07,2021-11-13T15:55,1.57,9,12.4,9.8,32,0.82,Oslo
317,2021-11-14,48,2.2,-1.1,-0.7,-4.5,2021-11-14T08:10,2021-11-14T15:53,0.03,1,6.5,8.2,32,2.62,Oslo
318,2021-11-15,45,6.0,1.2,3.5,-1.2,2021-11-15T08:12,2021-11-15T15:50,0.05,4,9.6,5.0,186,1.43,Oslo
319,2021-11-16,45,7.2,3.4,4.7,1.3,2021-11-16T08:15,2021-11-16T15:48,0.01,1,21.7,4.2,204,1.37,Oslo
320,2021-11-17,80,7.8,2.4,5.5,-0.2,2021-11-17T08:17,2021-11-17T15:46,1.41,9,23.3,9.8,199,1.98,Oslo
321,2021-11-18,3,4.3,1.8,0.9,-1.5,2021-11-18T08:19,2021-11-18T15:44,0.0,0,7.5,7.8,230,1.35,Oslo
322,2021-11-19,45,4.3,1.3,1.7,-1.5,2021-11-19T08:22,2021-11-19T15:42,0.0,0,6.3,5.9,184,0.99,Oslo
323,2021-11-20,3,6.9,-0.4,2.7,-3.8,2021-11-20T08:24,2021-11-20T15:40,0.0,0,15.1,5.2,275,2.29,Oslo
324,2021-11-12,3,8.8,3.6,7.2,0.6,2021-11-12T06:49,2021-11-12T15:50,0.0,0,9.7,8.4,241,2.52,Warsaw
325,2021-11-13,80,8.0,3.5,5.1,1.1,2021-11-13T06:51,2021-11-13T15:48,0.49,3,13.5,11.3,129,2.01,Warsaw
326,2021-11-14,45,5.4,1.2,2.7,-1.0,2021-11-14T06:53,2021-11-14T15:47,0.03,2,7.1,3.1,57,1.88,Warsaw
327,2021-11-15,61,6.8,3.7,3.9,0.9,2021-11-15T06:55,2021-11-15T15:46,0.65,8,12.0,17.1,99,1.45,Warsaw
328,2021-11-16,3,6.5,2.4,3.5,-0.3,2021-11-16T06:57,2021-11-16T15:44,0.0,0,13.6,11.0,140,2.18,Warsaw
329,2021-11-17,45,7.8,0.8,4.7,-2.3,2021-11-17T06:58,2021-11-17T15:43,0.14,6,11.7,12.8,197,4.21,Warsaw
330,2021-11-18,80,7.5,6.1,3.9,3.0,2021-11-18T07:00,2021-11-18T15:42,2.12,13,17.0,28.0,247,1.5,Warsaw
331,2021-11-19,61,10.2,6.8,7.2,2.6,2021-11-19T07:02,2021-11-19T15:40,7.23,18,21.9,33.1,275,2.38,Warsaw
332,2021-11-20,61,11.1,9.5,7.5,5.7,2021-11-20T07:03,2021-11-20T15:39,1.29,18,32.4,34.3,276,0.82,Warsaw
333,2021-11-12,1,18.1,13.0,17.7,12.2,2021-11-12T08:14,2021-11-12T18:27,0.0,0,9.4,5.7,11,12.44,Lisbon
334,2021-11-13,2,19.3,13.1,19.3,12.5,2021-11-13T08:15,2021-11-13T18:26,0.0,0,10.2,3.6,27,12.4,Lisbon
335,2021-11-14,1,18.9,13.0,19.0,12.2,2021-11-14T08:16,2021-11-14T18:25,0.0,0,12.1,4.0,17,12.45,Lisbon
336,2021-11-15,3,18.0,10.6,17.5,10.3,2021-11-15T08:17,2021-11-15T18:24,0.0,0,6.2,1.8,6,12.4,Lisbon
337,2021-11-16,2,17.9,12.9,15.5,9.9,2021-11-16T08:18,2021-11-16T18:24,0.0,0,17.3,9.9,27,12.16,Lisbon
338,2021-11-17,3,17.1,12.4,14.1,9.3,2021-11-17T08:19,2021-11-17T18:23,0.0,0,16.8,10.5,32,11.74,Lisbon
339,2021-11-18,0,17.7,11.3,15.1,7.8,2021-11-18T08:20,2021-11-18T18:22,0.0,0,17.8,20.7,37,11.85,Lisbon
340,2021-11-19,2,19.1,12.3,16.9,8.6,2021-11-19T08:22,2021-11-19T18:22,0.0,0,18.6,14.5,38,11.59,Lisbon
341,2021-11-20,2,18.3,12.4,16.9,10.5,2021-11-20T08:23,2021-11-20T18:21,0.0,0,11.6,13.5,27,11.34,Lisbon
342,2021-11-12,45,11.6,0.9,9.4,-1.4,2021-11-12T06:06,2021-11-12T15:53,0.0,0,5.0,3.2,20,8.26,Bucharest
343,2021-11-13,3,9.5,2.7,7.3,0.0,2021-11-13T06:07,2021-11-13T15:52,0.0,0,7.9,10.0,52,7.99,Bucharest
344,2021-11-14,3,11.5,6.2,10.2,4.1,2021-11-14T06:09,2021-11-14T15:51,0.02,2,7.2,6.4,22,4.8,Bucharest
345,2021-11-15,3,11.0,4.7,8.1,1.4,2021-11-15T06:10,2021-11-15T15:50,0.27,7,14.4,8.6,53,2.93,Bucharest
346,2021-11-16,3,9.0,3.6,5.4,0.1,2021-11-16T06:11,2021-11-16T15:49,0.0,0,16.1,14.0,49,4.75,Bucharest
347,2021-11-17,3,8.2,1.2,5.8,-1.8,2021-11-17T06:13,2021-11-17T15:48,0.0,0,6.6,5.1,60,7.08,Bucharest
348,2021-11-18,2,9.9,0.4,6.8,-2.3,2021-11-18T06:14,2021-11-18T15:47,0.0,0,10.4,7.0,248,7.97,Bucharest
349,2021-11-19,45,9.7,1.5,6.4,-1.3,2021-11-19T06:15,2021-11-19T15:46,0.0,0,14.2,7.2,253,6.38,Bucharest
350,2021-11-20,61,11.7,4.5,9.7,1.9,2021-11-20T06:17,2021-11-20T15:45,0.27,6,15.3,15.1,243,5.4,Bucharest
351,2021-11-12,77,3.8,-0.1,-0.4,-3.9,2021-11-12T05:57,2021-11-12T14:30,6.62,17,17.5,16.1,259,1.1,Moscow
352,2021-11-13,61,4.7,1.9,0.8,-1.0,2021-11-13T05:59,2021-11-13T14:28,0.43,7,16.3,13.7,304,2.1,Moscow
353,2021-11-14,77,1.9,0.2,-1.4,-3.5,2021-11-14T06:01,2021-11-14T14:26,0.59,10,12.8,11.5,274,1.6,Moscow
354,2021-11-15,85,0.4,-2.0,-3.6,-5.6,2021-11-15T06:03,2021-11-15T14:25,0.12,6,14.9,5.2,341,2.76,Moscow
355,2021-11-16,3,-0.7,-2.7,-5.8,-7.5,2021-11-16T06:05,2021-11-16T14:23,0.0,0,16.5,16.7,260,3.45,Moscow
356,2021-11-17,3,0.0,-1.8,-3.3,-6.5,2021-11-17T06:07,2021-11-17T14:21,0.0,0,13.3,13.4,244,1.48,Moscow
357,2021-11-18,3,-1.0,-3.4,-5.2,-8.2,2021-11-18T06:09,2021-11-18T14:20,0.0,0,14.7,21.8,207,2.75,Moscow
358,2021-11-19,77,0.7,-0.8,-3.0,-4.9,2021-11-19T06:11,2021-11-19T14:18,2.88,18,11.8,22.8,208,0.93,Moscow
359,2021-11-20,71,0.6,-0.2,-3.0,-3.7,2021-11-20T06:13,2021-11-20T14:17,1.53,21,11.0,12.5,246,1.91,Moscow
360,2021-11-12,45,14.2,9.2,13.2,8.0,2021-11-12T06:59,2021-11-12T16:48,0.0,0,9.6,8.9,133,6.49,San Marino
361,2021-11-13,45,13.2,8.2,12.6,6.5,2021-11-13T07:01,2021-11-13T16:47,0.0,0,7.0,6.9,172,7.49,San Marino
362,2021-11-14,80,14.5,10.7,12.9,9.0,2021-11-14T07:02,2021-11-14T16:46,0.31,5,11.7,22.7,138,5.63,San Marino
363,2021-11-15,80,12.5,11.0,11.1,9.3,2021-11-15T07:03,2021-11-15T16:45,0.38,7,22.1,24.1,94,1.37,San Marino
364,2021-11-16,61,10.9,8.4,10.3,7.0,2021-11-16T07:05,2021-11-16T16:44,7.29,21,10.6,17.4,350,1.25,San Marino
365,2021-11-17,63,9.1,8.4,7.7,6.3,2021-11-17T07:06,2021-11-17T16:44,35.71,24,10.4,18.4,292,0.97,San Marino
366,2021-11-18,61,10.7,8.7,9.5,7.7,2021-11-18T07:07,2021-11-18T16:43,7.36,14,7.5,12.6,320,1.53,San Marino
367,2021-11-19,3,12.5,5.4,11.4,3.3,2021-11-19T07:08,2021-11-19T16:42,0.0,0,6.9,7.6,268,8.32,San Marino
368,2021-11-20,45,9.4,4.9,8.7,2.6,2021-11-20T07:10,2021-11-20T16:41,0.0,0,5.7,5.6,246,5.84,San Marino
369,2021-11-12,45,8.7,1.9,6.8,-0.5,2021-11-12T06:30,2021-11-12T16:14,0.0,0,6.0,4.1,223,6.03,Belgrade
370,2021-11-13,45,11.1,2.7,9.3,0.5,2021-11-13T06:31,2021-11-13T16:13,0.0,0,7.9,3.4,95,7.36,Belgrade
371,2021-11-14,3,12.9,6.7,9.7,3.3,2021-11-14T06:32,2021-11-14T16:12,0.0,0,16.8,18.5,107,8.5,Belgrade
372,2021-11-15,45,12.0,3.3,8.6,1.4,2021-11-15T06:34,2021-11-15T16:11,0.0,0,15.2,6.4,108,8.05,Belgrade
373,2021-11-16,3,10.3,6.2,5.4,1.1,2021-11-16T06:35,2021-11-16T16:10,0.0,0,24.0,27.8,112,8.23,Belgrade
374,2021-11-17,3,11.5,5.5,8.9,2.8,2021-11-17T06:36,2021-11-17T16:09,0.0,0,13.8,10.9,118,7.19,Belgrade
375,2021-11-18,3,9.3,7.0,7.2,5.0,2021-11-18T06:38,2021-11-18T16:08,0.12,9,9.7,10.3,260,2.02,Belgrade
376,2021-11-19,3,9.5,5.0,7.0,2.6,2021-11-19T06:39,2021-11-19T16:08,0.02,1,13.8,15.0,252,4.32,Belgrade
377,2021-11-20,61,13.2,6.5,10.9,4.9,2021-11-20T06:40,2021-11-20T16:07,0.64,11,13.9,5.6,260,4.44,Belgrade
378,2021-11-12,45,6.7,2.7,4.3,0.1,2021-11-12T06:52,2021-11-12T16:19,0.0,0,9.8,8.1,87,1.6,Bratislava
379,2021-11-13,45,5.6,0.7,3.8,-2.0,2021-11-13T06:54,2021-11-13T16:17,0.0,0,8.9,6.2,121,1.27,Bratislava
380,2021-11-14,45,7.1,4.5,5.1,2.3,2021-11-14T06:55,2021-11-14T16:16,0.0,0,5.6,6.4,15,3.08,Bratislava
381,2021-11-15,3,10.0,3.2,7.6,1.0,2021-11-15T06:57,2021-11-15T16:15,0.0,0,9.2,7.4,55,6.34,Bratislava
382,2021-11-16,3,9.6,3.9,5.6,1.1,2021-11-16T06:58,2021-11-16T16:14,0.0,0,18.9,20.3,113,4.83,Bratislava
383,2021-11-17,3,6.9,3.6,5.2,0.7,2021-11-17T07:00,2021-11-17T16:13,0.06,6,10.3,4.9,98,1.87,Bratislava
384,2021-11-18,3,9.9,5.6,6.7,2.8,2021-11-18T07:01,2021-11-18T16:12,0.05,5,13.7,9.2,285,4.76,Bratislava
385,2021-11-19,61,9.9,6.7,6.1,3.5,2021-11-19T07:02,2021-11-19T16:11,1.94,19,21.9,24.5,287,0.86,Bratislava
386,2021-11-20,3,12.2,6.8,7.7,3.9,2021-11-20T07:04,2021-11-20T16:10,0.07,5,23.8,19.1,289,5.92,Bratislava
387,2021-11-12,45,6.8,4.6,5.3,2.9,2021-11-12T06:57,2021-11-12T16:35,0.0,0,4.4,2.2,48,1.8,Ljubljana
388,2021-11-13,45,12.1,5.3,11.4,3.4,2021-11-13T06:58,2021-11-13T16:34,0.0,0,4.8,4.3,27,6.04,Ljubljana
389,2021-11-14,45,8.5,6.9,7.0,5.1,2021-11-14T06:59,2021-11-14T16:33,0.02,2,6.1,3.8,126,0.82,Ljubljana
390,2021-11-15,3,11.8,5.5,8.9,3.5,2021-11-15T07:01,2021-11-15T16:32,0.0,0,10.4,2.8,104,3.9,Ljubljana
391,2021-11-16,3,9.4,4.4,6.9,2.4,2021-11-16T07:02,2021-11-16T16:30,0.0,0,10.7,2.1,96,4.4,Ljubljana
392,2021-11-17,45,10.1,5.6,8.1,4.2,2021-11-17T07:04,2021-11-17T16:30,0.01,1,7.0,2.2,105,2.95,Ljubljana
393,2021-11-18,61,9.4,3.0,7.9,1.3,2021-11-18T07:05,2021-11-18T16:29,1.98,9,4.3,2.1,104,2.7,Ljubljana
394,2021-11-19,45,10.7,2.0,9.7,0.0,2021-11-19T07:06,2021-11-19T16:28,0.0,0,5.2,2.8,243,5.36,Ljubljana
395,2021-11-20,45,14.3,2.9,13.9,0.3,2021-11-20T07:08,2021-11-20T16:27,0.0,0,5.8,5.9,223,7.36,Ljubljana
396,2021-11-12,2,17.2,4.9,15.4,2.5,2021-11-12T07:56,2021-11-12T18:01,0.0,0,5.0,5.4,4,11.93,Madrid
397,2021-11-13,2,16.7,4.3,14.7,1.7,2021-11-13T07:57,2021-11-13T18:00,0.0,0,4.9,6.5,23,11.92,Madrid
398,2021-11-14,3,16.0,3.2,14.3,0.8,2021-11-14T07:58,2021-11-14T18:00,0.0,0,7.1,7.5,19,11.91,Madrid
399,2021-11-15,3,15.0,4.6,11.2,2.3,2021-11-15T07:59,2021-11-15T17:59,0.0,0,15.5,9.1,15,11.17,Madrid
400,2021-11-16,3,13.3,1.9,10.5,-0.6,2021-11-16T08:00,2021-11-16T17:58,0.0,0,6.1,3.7,21,11.55,Madrid
401,2021-11-17,1,14.4,2.8,11.9,0.3,2021-11-17T08:02,2021-11-17T17:57,0.0,0,8.4,7.3,21,11.43,Madrid
402,2021-11-18,0,15.3,4.7,12.0,1.6,2021-11-18T08:03,2021-11-18T17:57,0.0,0,12.5,10.2,39,11.34,Madrid
403,2021-11-19,0,14.6,3.1,11.5,0.3,2021-11-19T08:04,2021-11-19T17:56,0.0,0,7.0,6.8,40,11.11,Madrid
404,2021-11-20,0,13.9,3.4,11.9,0.6,2021-11-20T08:05,2021-11-20T17:55,0.0,0,5.8,2.1,44,10.73,Madrid
405,2021-11-12,3,6.1,2.3,2.6,-1.1,2021-11-12T07:32,2021-11-12T15:31,0.0,0,16.9,1.7,278,3.12,Stockholm
406,2021-11-13,45,6.4,1.5,4.5,-1.1,2021-11-13T07:34,2021-11-13T15:29,0.0,0,6.6,6.0,63,1.5,Stockholm
407,2021-11-14,45,4.9,1.4,2.6,-0.7,2021-11-14T07:37,2021-11-14T15:27,0.01,1,7.0,2.5,358,1.64,Stockholm
408,2021-11-15,45,6.1,1.5,2.6,-0.6,2021-11-15T07:39,2021-11-15T15:25,0.0,0,15.1,2.1,210,1.94,Stockholm
409,2021-11-16,3,6.5,3.5,3.3,0.5,2021-11-16T07:42,2021-11-16T15:22,0.01,1,12.9,19.4,218,1.79,Stockholm
410,2021-11-17,61,6.9,3.0,3.7,-0.3,2021-11-17T07:44,2021-11-17T15:21,1.92,10,14.2,19.1,204,0.74,Stockholm
411,2021-11-18,3,4.8,1.0,1.0,-2.8,2021-11-18T07:46,2021-11-18T15:19,0.0,0,15.5,19.6,259,2.03,Stockholm
412,2021-11-19,3,4.5,0.9,0.9,-3.3,2021-11-19T07:49,2021-11-19T15:17,0.0,0,15.9,15.9,268,2.45,Stockholm
413,2021-11-20,3,5.8,1.1,1.2,-2.7,2021-11-20T07:51,2021-11-20T15:15,0.15,6,24.5,25.6,297,1.37,Stockholm
414,2021-11-12,45,8.5,-0.3,7.1,-2.9,2021-11-12T07:27,2021-11-12T17:01,0.0,0,4.7,2.1,330,5.62,Bern
415,2021-11-13,80,8.7,3.0,7.6,1.2,2021-11-13T07:29,2021-11-13T16:59,3.24,10,5.8,1.9,6,3.27,Bern
416,2021-11-14,80,8.8,5.0,6.5,3.4,2021-11-14T07:30,2021-11-14T16:58,3.09,16,10.6,2.2,44,3.5,Bern
417,2021-11-15,45,9.0,3.0,6.6,0.8,2021-11-15T07:32,2021-11-15T16:57,0.0,0,10.4,7.3,13,4.03,Bern
418,2021-11-16,45,7.9,2.9,6.1,1.1,2021-11-16T07:33,2021-11-16T16:56,0.0,0,3.4,2.3,1,3.04,Bern
419,2021-11-17,61,7.7,4.0,5.3,1.9,2021-11-17T07:34,2021-11-17T16:55,0.35,12,7.2,3.6,25,3.35,Bern
420,2021-11-18,45,8.4,0.6,6.3,-2.0,2021-11-18T07:36,2021-11-18T16:54,0.0,0,5.4,4.2,67,6.65,Bern
421,2021-11-19,45,8.9,0.3,7.2,-2.2,2021-11-19T07:37,2021-11-19T16:53,0.0,0,6.2,4.9,93,6.38,Bern
422,2021-11-20,45,7.3,1.0,5.8,-1.7,2021-11-20T07:39,2021-11-20T16:52,0.0,0,6.4,5.8,119,3.65,Bern
423,2021-11-12,0,9.1,-2.4,6.3,-5.8,2021-11-12T05:28,2021-11-12T15:36,0.0,0,4.3,4.7,126,11.94,Ankara
424,2021-11-13,3,11.4,-2.4,8.4,-5.8,2021-11-13T05:30,2021-11-13T15:35,0.0,0,4.3,3.4,121,11.5,Ankara
425,2021-11-14,3,12.0,-0.5,9.1,-3.5,2021-11-14T05:31,2021-11-14T15:34,0.0,0,4.6,3.0,124,10.87,Ankara
426,2021-11-15,3,12.9,0.8,9.7,-2.1,2021-11-15T05:32,2021-11-15T15:34,0.0,0,4.6,3.4,109,11.21,Ankara
427,2021-11-16,1,12.6,1.2,9.7,-1.7,2021-11-16T05:33,2021-11-16T15:33,0.0,0,7.9,7.0,73,11.3,Ankara
428,2021-11-17,3,11.6,-1.3,8.8,-4.5,2021-11-17T05:34,2021-11-17T15:32,0.0,0,4.8,2.4,113,10.84,Ankara
429,2021-11-18,3,12.5,-0.1,10.1,-2.7,2021-11-18T05:35,2021-11-18T15:31,0.0,0,4.4,2.9,85,10.53,Ankara
430,2021-11-19,3,10.4,2.5,7.8,0.2,2021-11-19T05:36,2021-11-19T15:31,0.08,4,11.2,2.5,269,6.7,Ankara
431,2021-11-20,3,8.4,3.2,4.3,0.6,2021-11-20T05:38,2021-11-20T15:30,0.1,2,16.5,5.1,310,8.78,Ankara
432,2021-11-12,3,7.2,1.8,4.2,-1.9,2021-11-12T06:05,2021-11-12T15:18,0.0,0,12.6,14.4,272,3.6,Kiev
433,2021-11-13,45,6.4,-1.1,4.2,-3.9,2021-11-13T06:07,2021-11-13T15:17,0.0,0,5.4,6.6,142,5.51,Kiev
434,2021-11-14,3,6.5,-0.1,3.6,-3.0,2021-11-14T06:09,2021-11-14T15:15,0.0,0,9.2,8.4,135,5.43,Kiev
435,2021-11-15,3,5.1,-0.9,2.6,-4.4,2021-11-15T06:10,2021-11-15T15:14,0.05,4,11.6,5.6,55,4.8,Kiev
436,2021-11-16,2,2.8,-3.7,-1.2,-7.3,2021-11-16T06:12,2021-11-16T15:13,0.0,0,9.0,14.9,159,5.95,Kiev
437,2021-11-17,0,2.6,-3.7,-1.6,-7.7,2021-11-17T06:14,2021-11-17T15:11,0.0,0,9.5,15.3,179,5.87,Kiev
438,2021-11-18,61,4.6,-3.4,1.5,-7.5,2021-11-18T06:15,2021-11-18T15:10,0.3,6,9.6,18.5,222,4.91,Kiev
439,2021-11-19,61,5.7,2.8,2.1,-1.1,2021-11-19T06:17,2021-11-19T15:09,2.97,15,17.9,23.3,260,1.38,Kiev
440,2021-11-20,63,9.8,1.0,6.5,-2.7,2021-11-20T06:18,2021-11-20T15:08,10.77,12,27.1,20.9,273,1.24,Kiev
441,2021-11-12,61,14.7,8.8,12.2,7.0,2021-11-12T08:12,2021-11-12T17:17,0.29,5,18.1,11.4,220,2.54,London
442,2021-11-13,3,13.1,9.8,11.4,7.2,2021-11-13T08:13,2021-11-13T17:16,0.0,0,16.3,13.2,286,2.73,London
443,2021-11-14,3,13.1,10.0,11.8,8.7,2021-11-14T08:15,2021-11-14T17:14,0.05,3,10.8,10.1,11,2.14,London
444,2021-11-15,61,11.7,7.7,10.2,6.4,2021-11-15T08:17,2021-11-15T17:13,0.06,2,6.9,2.7,9,4.04,London
445,2021-11-16,80,8.6,4.6,7.1,2.7,2021-11-16T08:18,2021-11-16T17:11,0.07,1,7.2,4.1,245,3.38,London
446,2021-11-17,3,11.2,6.8,8.8,4.7,2021-11-17T08:20,2021-11-17T17:10,0.0,0,9.7,12.9,255,5.31,London
447,2021-11-18,3,13.4,5.1,12.0,2.6,2021-11-18T08:22,2021-11-18T17:09,0.0,0,14.0,14.9,248,4.2,London
448,2021-11-19,2,13.5,8.1,12.2,6.5,2021-11-19T08:23,2021-11-19T17:08,0.0,0,9.3,13.6,252,4.92,London
449,2021-11-20,61,12.7,8.9,10.7,7.4,2021-11-20T08:25,2021-11-20T17:06,0.26,7,14.8,15.2,244,2.22,London
450,2021-11-12,45,19.5,13.1,18.8,13.5,2021-11-12T06:54,2021-11-12T16:53,0.08,6,10.4,1.9,128,7.17,Vatican City
451,2021-11-13,45,19.2,10.2,18.9,9.7,2021-11-13T06:56,2021-11-13T16:52,0.0,0,6.3,3.1,64,9.3,Vatican City
452,2021-11-14,61,18.4,10.1,17.5,9.2,2021-11-14T06:57,2021-11-14T16:52,6.33,10,14.3,5.5,87,6.44,Vatican City
453,2021-11-15,3,19.5,12.6,19.2,12.0,2021-11-15T06:58,2021-11-15T16:51,0.05,2,9.3,6.0,75,7.85,Vatican City
454,2021-11-16,80,17.1,12.5,17.3,11.7,2021-11-16T06:59,2021-11-16T16:50,8.3,13,7.4,6.1,43,3.13,Vatican City
455,2021-11-17,80,18.5,11.2,18.7,10.6,2021-11-17T07:01,2021-11-17T16:49,0.79,4,8.2,5.1,42,8.29,Vatican City
456,2021-11-18,2,18.8,10.7,17.8,10.1,2021-11-18T07:02,2021-11-18T16:48,0.0,0,7.5,6.1,23,9.17,Vatican City
457,2021-11-19,0,18.3,9.8,17.5,8.5,2021-11-19T07:03,2021-11-19T16:47,0.0,0,7.8,3.1,28,9.41,Vatican City
458,2021-11-20,45,17.5,6.1,16.3,4.5,2021-11-20T07:04,2021-11-20T16:47,0.0,0,2.8,2.9,51,9.35,Vatican City
