,time,weathercode,temperature_2m_max,temperature_2m_min,apparent_temperature_max,apparent_temperature_min,sunrise,sunset,precipitation_sum,precipitation_hours,windspeed_10m_max,windgusts_10m_max,winddirection_10m_dominant,shortwave_radiation_sum,country
0,2021-11-05,61,16.8,10.0,15.4,8.9,2021-11-05T06:46,2021-11-05T17:01,0.63,3,5.8,6.8,43,5.37,Albania
1,2021-11-06,95,19.2,11.4,18.7,9.9,2021-11-06T06:47,2021-11-06T17:00,8.24,11,14.1,11.1,31,6.75,Albania
2,2021-11-07,95,24.7,13.9,23.4,12.2,2021-11-07T06:48,2021-11-07T16:58,4.58,9,21.6,19.4,93,10.12,Albania
3,2021-11-08,95,18.7,14.9,19.5,14.9,2021-11-08T06:50,2021-11-08T16:57,15.28,14,10.5,6.7,101,5.79,Albania
4,2021-11-09,80,18.5,13.4,18.5,12.8,2021-11-09T06:51,2021-11-09T16:56,4.83,12,9.2,11.8,33,5.74,Albania
5,2021-11-10,63,20.3,14.5,21.0,14.5,2021-11-10T06:52,2021-11-10T16:55,7.48,7,9.8,7.0,28,4.89,Albania
6,2021-11-11,3,21.2,14.6,21.2,15.0,2021-11-11T06:53,2021-11-11T16:54,3.36,2,8.8,3.0,29,9.9,Albania
7,2021-11-12,61,19.4,14.5,20.0,14.3,2021-11-12T06:54,2021-11-12T16:53,0.13,4,5.6,5.0,34,5.93,Albania
8,2021-11-13,45,18.4,11.9,18.4,11.6,2021-11-13T06:56,2021-11-13T16:52,0.05,5,4.0,1.9,28,5.92,Albania
9,2021-11-05,61,16.8,10.0,15.4,8.9,2021-11-05T06:46,2021-11-05T17:01,0.63,3,5.8,6.8,43,5.37,Andorra
10,2021-11-06,95,19.2,11.4,18.7,9.9,2021-11-06T06:47,2021-11-06T17:00,8.24,11,14.1,11.1,31,6.75,Andorra
11,2021-11-07,95,24.7,13.9,23.4,12.2,2021-11-07T06:48,2021-11-07T16:58,4.58,9,21.6,19.4,93,10.12,Andorra
12,2021-11-08,95,18.7,14.9,19.5,14.9,2021-11-08T06:50,2021-11-08T16:57,15.28,14,10.5,6.7,101,5.79,Andorra
13,2021-11-09,80,18.5,13.4,18.5,12.8,2021-11-09T06:51,2021-11-09T16:56,4.83,12,9.2,11.8,33,5.74,Andorra
14,2021-11-10,63,20.3,14.5,21.0,14.5,2021-11-10T06:52,2021-11-10T16:55,7.48,7,9.8,7.0,28,4.89,Andorra
15,2021-11-11,3,21.2,14.6,21.2,15.0,2021-11-11T06:53,2021-11-11T16:54,3.36,2,8.8,3.0,29,9.9,Andorra
16,2021-11-12,61,19.4,14.5,20.0,14.3,2021-11-12T06:54,2021-11-12T16:53,0.13,4,5.6,5.0,34,5.93,Andorra
17,2021-11-13,45,18.4,11.9,18.4,11.6,2021-11-13T06:56,2021-11-13T16:52,0.05,5,4.0,1.9,28,5.92,Andorra
18,2021-11-05,61,16.8,10.0,15.4,8.9,2021-11-05T06:46,2021-11-05T17:01,0.63,3,5.8,6.8,43,5.37,Armenia
19,2021-11-06,95,19.2,11.4,18.7,9.9,2021-11-06T06:47,2021-11-06T17:00,8.24,11,14.1,11.1,31,6.75,Armenia
20,2021-11-07,95,24.7,13.9,23.4,12.2,2021-11-07T06:48,2021-11-07T16:58,4.58,9,21.6,19.4,93,10.12,Armenia
21,2021-11-08,95,18.7,14.9,19.5,14.9,2021-11-08T06:50,2021-11-08T16:57,15.28,14,10.5,6.7,101,5.79,Armenia
22,2021-11-09,80,18.5,13.4,18.5,12.8,2021-11-09T06:51,2021-11-09T16:56,4.83,12,9.2,11.8,33,5.74,Armenia
23,2021-11-10,63,20.3,14.5,21.0,14.5,2021-11-10T06:52,2021-11-10T16:55,7.48,7,9.8,7.0,28,4.89,Armenia
24,2021-11-11,3,21.2,14.6,21.2,15.0,2021-11-11T06:53,2021-11-11T16:54,3.36,2,8.8,3.0,29,9.9,Armenia
25,2021-11-12,61,19.4,14.5,20.0,14.3,2021-11-12T06:54,2021-11-12T16:53,0.13,4,5.6,5.0,34,5.93,Armenia
26,2021-11-13,45,18.4,11.9,18.4,11.6,2021-11-13T06:56,2021-11-13T16:52,0.05,5,4.0,1.9,28,5.92,Armenia
27,2021-11-05,61,16.8,10.0,15.4,8.9,2021-11-05T06:46,2021-11-05T17:01,0.63,3,5.8,6.8,43,5.37,Austria
28,2021-11-06,95,19.2,11.4,18.7,9.9,2021-11-06T06:47,2021-11-06T17:00,8.24,11,14.1,11.1,31,6.75,Austria
29,2021-11-07,95,24.7,13.9,23.4,12.2,2021-11-07T06:48,2021-11-07T16:58,4.58,9,21.6,19.4,93,10.12,Austria
30,2021-11-08,95,18.7,14.9,19.5,14.9,2021-11-08T06:50,2021-11-08T16:57,15.28,14,10.5,6.7,101,5.79,Austria
31,2021-11-09,80,18.5,13.4,18.5,12.8,2021-11-09T06:51,2021-11-09T16:56,4.83,12,9.2,11.8,33,5.74,Austria
32,2021-11-10,63,20.3,14.5,21.0,14.5,2021-11-10T06:52,2021-11-10T16:55,7.48,7,9.8,7.0,28,4.89,Austria
33,2021-11-11,3,21.2,14.6,21.2,15.0,2021-11-11T06:53,2021-11-11T16:54,3.36,2,8.8,3.0,29,9.9,Austria
34,2021-11-12,61,19.4,14.5,20.0,14.3,2021-11-12T06:54,2021-11-12T16:53,0.13,4,5.6,5.0,34,5.93,Austria
35,2021-11-13,45,18.4,11.9,18.4,11.6,2021-11-13T06:56,2021-11-13T16:52,0.05,5,4.0,1.9,28,5.92,Austria
36,2021-11-05,61,16.8,10.0,15.4,8.9,2021-11-05T06:46,2021-11-05T17:01,0.63,3,5.8,6.8,43,5.37,Azerbaijan
37,2021-11-06,95,19.2,11.4,18.7,9.9,2021-11-06T06:47,2021-11-06T17:00,8.24,11,14.1,11.1,31,6.75,Azerbaijan
38,2021-11-07,95,24.7,13.9,23.4,12.2,2021-11-07T06:48,2021-11-07T16:58,4.58,9,21.6,19.4,93,10.12,Azerbaijan
39,2021-11-08,95,18.7,14.9,19.5,14.9,2021-11-08T06:50,2021-11-08T16:57,15.28,14,10.5,6.7,101,5.79,Azerbaijan
40,2021-11-09,80,18.5,13.4,18.5,12.8,2021-11-09T06:51,2021-11-09T16:56,4.83,12,9.2,11.8,33,5.74,Azerbaijan
41,2021-11-10,63,20.3,14.5,21.0,14.5,2021-11-10T06:52,2021-11-10T16:55,7.48,7,9.8,7.0,28,4.89,Azerbaijan
42,2021-11-11,3,21.2,14.6,21.2,15.0,2021-11-11T06:53,2021-11-11T16:54,3.36,2,8.8,3.0,29,9.9,Azerbaijan
43,2021-11-12,61,19.4,14.5,20.0,14.3,2021-11-12T06:54,2021-11-12T16:53,0.13,4,5.6,5.0,34,5.93,Azerbaijan
44,2021-11-13,45,18.4,11.9,18.4,11.6,2021-11-13T06:56,2021-11-13T16:52,0.05,5,4.0,1.9,28,5.92,Azerbaijan
45,2021-11-05,61,16.8,10.0,15.4,8.9,2021-11-05T06:46,2021-11-05T17:01,0.63,3,5.8,6.8,43,5.37,Belarus
46,2021-11-06,95,19.2,11.4,18.7,9.9,2021-11-06T06:47,2021-11-06T17:00,8.24,11,14.1,11.1,31,6.75,Belarus
47,2021-11-07,95,24.7,13.9,23.4,12.2,2021-11-07T06:48,2021-11-07T16:58,4.58,9,21.6,19.4,93,10.12,Belarus
48,2021-11-08,95,18.7,14.9,19.5,14.9,2021-11-08T06:50,2021-11-08T16:57,15.28,14,10.5,6.7,101,5.79,Belarus
49,2021-11-09,80,18.5,13.4,18.5,12.8,2021-11-09T06:51,2021-11-09T16:56,4.83,12,9.2,11.8,33,5.74,Belarus
50,2021-11-10,63,20.3,14.5,21.0,14.5,2021-11-10T06:52,2021-11-10T16:55,7.48,7,9.8,7.0,28,4.89,Belarus
51,2021-11-11,3,21.2,14.6,21.2,15.0,2021-11-11T06:53,2021-11-11T16:54,3.36,2,8.8,3.0,29,9.9,Belarus
52,2021-11-12,61,19.4,14.5,20.0,14.3,2021-11-12T06:54,2021-11-12T16:53,0.13,4,5.6,5.0,34,5.93,Belarus
53,2021-11-13,45,18.4,11.9,18.4,11.6,2021-11-13T06:56,2021-11-13T16:52,0.05,5,4.0,1.9,28,5.92,Belarus
54,2021-11-05,61,16.8,10.0,15.4,8.9,2021-11-05T06:46,2021-11-05T17:01,0.63,3,5.8,6.8,43,5.37,Belgium
55,2021-11-06,95,19.2,11.4,18.7,9.9,2021-11-06T06:47,2021-11-06T17:00,8.24,11,14.1,11.1,31,6.75,Belgium
56,2021-11-07,95,24.7,13.9,23.4,12.2,2021-11-07T06:48,2021-11-07T16:58,4.58,9,21.6,19.4,93,10.12,Belgium
57,2021-11-08,95,18.7,14.9,19.5,14.9,2021-11-08T06:50,2021-11-08T16:57,15.28,14,10.5,6.7,101,5.79,Belgium
58,2021-11-09,80,18.5,13.4,18.5,12.8,2021-11-09T06:51,2021-11-09T16:56,4.83,12,9.2,11.8,33,5.74,Belgium
59,2021-11-10,63,20.3,14.5,21.0,14.5,2021-11-10T06:52,2021-11-10T16:55,7.48,7,9.8,7.0,28,4.89,Belgium
60,2021-11-11,3,21.2,14.6,21.2,15.0,2021-11-11T06:53,2021-11-11T16:54,3.36,2,8.8,3.0,29,9.9,Belgium
61,2021-11-12,61,19.4,14.5,20.0,14.3,2021-11-12T06:54,2021-11-12T16:53,0.13,4,5.6,5.0,34,5.93,Belgium
62,2021-11-13,45,18.4,11.9,18.4,11.6,2021-11-13T06:56,2021-11-13T16:52,0.05,5,4.0,1.9,28,5.92,Belgium
63,2021-11-05,61,16.8,10.0,15.4,8.9,2021-11-05T06:46,2021-11-05T17:01,0.63,3,5.8,6.8,43,5.37,Bosnia and Herzegovina
64,2021-11-06,95,19.2,11.4,18.7,9.9,2021-11-06T06:47,2021-11-06T17:00,8.24,11,14.1,11.1,31,6.75,Bosnia and Herzegovina
65,2021-11-07,95,24.7,13.9,23.4,12.2,2021-11-07T06:48,2021-11-07T16:58,4.58,9,21.6,19.4,93,10.12,Bosnia and Herzegovina
66,2021-11-08,95,18.7,14.9,19.5,14.9,2021-11-08T06:50,2021-11-08T16:57,15.28,14,10.5,6.7,101,5.79,Bosnia and Herzegovina
67,2021-11-09,80,18.5,13.4,18.5,12.8,2021-11-09T06:51,2021-11-09T16:56,4.83,12,9.2,11.8,33,5.74,Bosnia and Herzegovina
68,2021-11-10,63,20.3,14.5,21.0,14.5,2021-11-10T06:52,2021-11-10T16:55,7.48,7,9.8,7.0,28,4.89,Bosnia and Herzegovina
69,2021-11-11,3,21.2,14.6,21.2,15.0,2021-11-11T06:53,2021-11-11T16:54,3.36,2,8.8,3.0,29,9.9,Bosnia and Herzegovina
70,2021-11-12,61,19.4,14.5,20.0,14.3,2021-11-12T06:54,2021-11-12T16:53,0.13,4,5.6,5.0,34,5.93,Bosnia and Herzegovina
71,2021-11-13,45,18.4,11.9,18.4,11.6,2021-11-13T06:56,2021-11-13T16:52,0.05,5,4.0,1.9,28,5.92,Bosnia and Herzegovina
72,2021-11-05,61,16.8,10.0,15.4,8.9,2021-11-05T06:46,2021-11-05T17:01,0.63,3,5.8,6.8,43,5.37,Bulgaria
73,2021-11-06,95,19.2,11.4,18.7,9.9,2021-11-06T06:47,2021-11-06T17:00,8.24,11,14.1,11.1,31,6.75,Bulgaria
74,2021-11-07,95,24.7,13.9,23.4,12.2,2021-11-07T06:48,2021-11-07T16:58,4.58,9,21.6,19.4,93,10.12,Bulgaria
75,2021-11-08,95,18.7,14.9,19.5,14.9,2021-11-08T06:50,2021-11-08T16:57,15.28,14,10.5,6.7,101,5.79,Bulgaria
76,2021-11-09,80,18.5,13.4,18.5,12.8,2021-11-09T06:51,2021-11-09T16:56,4.83,12,9.2,11.8,33,5.74,Bulgaria
77,2021-11-10,63,20.3,14.5,21.0,14.5,2021-11-10T06:52,2021-11-10T16:55,7.48,7,9.8,7.0,28,4.89,Bulgaria
78,2021-11-11,3,21.2,14.6,21.2,15.0,2021-11-11T06:53,2021-11-11T16:54,3.36,2,8.8,3.0,29,9.9,Bulgaria
79,2021-11-12,61,19.4,14.5,20.0,14.3,2021-11-12T06:54,2021-11-12T16:53,0.13,4,5.6,5.0,34,5.93,Bulgaria
80,2021-11-13,45,18.4,11.9,18.4,11.6,2021-11-13T06:56,2021-11-13T16:52,0.05,5,4.0,1.9,28,5.92,Bulgaria
81,2021-11-05,61,16.8,10.0,15.4,8.9,2021-11-05T06:46,2021-11-05T17:01,0.63,3,5.8,6.8,43,5.37,Croatia
82,2021-11-06,95,19.2,11.4,18.7,9.9,2021-11-06T06:47,2021-11-06T17:00,8.24,11,14.1,11.1,31,6.75,Croatia
83,2021-11-07,95,24.7,13.9,23.4,12.2,2021-11-07T06:48,2021-11-07T16:58,4.58,9,21.6,19.4,93,10.12,Croatia
84,2021-11-08,95,18.7,14.9,19.5,14.9,2021-11-08T06:50,2021-11-08T16:57,15.28,14,10.5,6.7,101,5.79,Croatia
85,2021-11-09,80,18.5,13.4,18.5,12.8,2021-11-09T06:51,2021-11-09T16:56,4.83,12,9.2,11.8,33,5.74,Croatia
86,2021-11-10,63,20.3,14.5,21.0,14.5,2021-11-10T06:52,2021-11-10T16:55,7.48,7,9.8,7.0,28,4.89,Croatia
87,2021-11-11,3,21.2,14.6,21.2,15.0,2021-11-11T06:53,2021-11-11T16:54,3.36,2,8.8,3.0,29,9.9,Croatia
88,2021-11-12,61,19.4,14.5,20.0,14.3,2021-11-12T06:54,2021-11-12T16:53,0.13,4,5.6,5.0,34,5.93,Croatia
89,2021-11-13,45,18.4,11.9,18.4,11.6,2021-11-13T06:56,2021-11-13T16:52,0.05,5,4.0,1.9,28,5.92,Croatia
90,2021-11-05,61,16.8,10.0,15.4,8.9,2021-11-05T06:46,2021-11-05T17:01,0.63,3,5.8,6.8,43,5.37,Cyprus
91,2021-11-06,95,19.2,11.4,18.7,9.9,2021-11-06T06:47,2021-11-06T17:00,8.24,11,14.1,11.1,31,6.75,Cyprus
92,2021-11-07,95,24.7,13.9,23.4,12.2,2021-11-07T06:48,2021-11-07T16:58,4.58,9,21.6,19.4,93,10.12,Cyprus
93,2021-11-08,95,18.7,14.9,19.5,14.9,2021-11-08T06:50,2021-11-08T16:57,15.28,14,10.5,6.7,101,5.79,Cyprus
94,2021-11-09,80,18.5,13.4,18.5,12.8,2021-11-09T06:51,2021-11-09T16:56,4.83,12,9.2,11.8,33,5.74,Cyprus
95,2021-11-10,63,20.3,14.5,21.0,14.5,2021-11-10T06:52,2021-11-10T16:55,7.48,7,9.8,7.0,28,4.89,Cyprus
96,2021-11-11,3,21.2,14.6,21.2,15.0,2021-11-11T06:53,2021-11-11T16:54,3.36,2,8.8,3.0,29,9.9,Cyprus
97,2021-11-12,61,19.4,14.5,20.0,14.3,2021-11-12T06:54,2021-11-12T16:53,0.13,4,5.6,5.0,34,5.93,Cyprus
98,2021-11-13,45,18.4,11.9,18.4,11.6,2021-11-13T06:56,2021-11-13T16:52,0.05,5,4.0,1.9,28,5.92,Cyprus
99,2021-11-05,61,16.8,10.0,15.4,8.9,2021-11-05T06:46,2021-11-05T17:01,0.63,3,5.8,6.8,43,5.37,Czechia
100,2021-11-06,95,19.2,11.4,18.7,9.9,2021-11-06T06:47,2021-11-06T17:00,8.24,11,14.1,11.1,31,6.75,Czechia
101,2021-11-07,95,24.7,13.9,23.4,12.2,2021-11-07T06:48,2021-11-07T16:58,4.58,9,21.6,19.4,93,10.12,Czechia
102,2021-11-08,95,18.7,14.9,19.5,14.9,2021-11-08T06:50,2021-11-08T16:57,15.28,14,10.5,6.7,101,5.79,Czechia
103,2021-11-09,80,18.5,13.4,18.5,12.8,2021-11-09T06:51,2021-11-09T16:56,4.83,12,9.2,11.8,33,5.74,Czechia
104,2021-11-10,63,20.3,14.5,21.0,14.5,2021-11-10T06:52,2021-11-10T16:55,7.48,7,9.8,7.0,28,4.89,Czechia
105,2021-11-11,3,21.2,14.6,21.2,15.0,2021-11-11T06:53,2021-11-11T16:54,3.36,2,8.8,3.0,29,9.9,Czechia
106,2021-11-12,61,19.4,14.5,20.0,14.3,2021-11-12T06:54,2021-11-12T16:53,0.13,4,5.6,5.0,34,5.93,Czechia
107,2021-11-13,45,18.4,11.9,18.4,11.6,2021-11-13T06:56,2021-11-13T16:52,0.05,5,4.0,1.9,28,5.92,Czechia
108,2021-11-05,61,16.8,10.0,15.4,8.9,2021-11-05T06:46,2021-11-05T17:01,0.63,3,5.8,6.8,43,5.37,Denmark
109,2021-11-06,95,19.2,11.4,18.7,9.9,2021-11-06T06:47,2021-11-06T17:00,8.24,11,14.1,11.1,31,6.75,Denmark
110,2021-11-07,95,24.7,13.9,23.4,12.2,2021-11-07T06:48,2021-11-07T16:58,4.58,9,21.6,19.4,93,10.12,Denmark
111,2021-11-08,95,18.7,14.9,19.5,14.9,2021-11-08T06:50,2021-11-08T16:57,15.28,14,10.5,6.7,101,5.79,Denmark
112,2021-11-09,80,18.5,13.4,18.5,12.8,2021-11-09T06:51,2021-11-09T16:56,4.83,12,9.2,11.8,33,5.74,Denmark
113,2021-11-10,63,20.3,14.5,21.0,14.5,2021-11-10T06:52,2021-11-10T16:55,7.48,7,9.8,7.0,28,4.89,Denmark
114,2021-11-11,3,21.2,14.6,21.2,15.0,2021-11-11T06:53,2021-11-11T16:54,3.36,2,8.8,3.0,29,9.9,Denmark
115,2021-11-12,61,19.4,14.5,20.0,14.3,2021-11-12T06:54,2021-11-12T16:53,0.13,4,5.6,5.0,34,5.93,Denmark
116,2021-11-13,45,18.4,11.9,18.4,11.6,2021-11-13T06:56,2021-11-13T16:52,0.05,5,4.0,1.9,28,5.92,Denmark
117,2021-11-05,61,16.8,10.0,15.4,8.9,2021-11-05T06:46,2021-11-05T17:01,0.63,3,5.8,6.8,43,5.37,Estonia
118,2021-11-06,95,19.2,11.4,18.7,9.9,2021-11-06T06:47,2021-11-06T17:00,8.24,11,14.1,11.1,31,6.75,Estonia
119,2021-11-07,95,24.7,13.9,23.4,12.2,2021-11-07T06:48,2021-11-07T16:58,4.58,9,21.6,19.4,93,10.12,Estonia
120,2021-11-08,95,18.7,14.9,19.5,14.9,2021-11-08T06:50,2021-11-08T16:57,15.28,14,10.5,6.7,101,5.79,Estonia
121,2021-11-09,80,18.5,13.4,18.5,12.8,2021-11-09T06:51,2021-11-09T16:56,4.83,12,9.2,11.8,33,5.74,Estonia
122,2021-11-10,63,20.3,14.5,21.0,14.5,2021-11-10T06:52,2021-11-10T16:55,7.48,7,9.8,7.0,28,4.89,Estonia
123,2021-11-11,3,21.2,14.6,21.2,15.0,2021-11-11T06:53,2021-11-11T16:54,3.36,2,8.8,3.0,29,9.9,Estonia
124,2021-11-12,61,19.4,14.5,20.0,14.3,2021-11-12T06:54,2021-11-12T16:53,0.13,4,5.6,5.0,34,5.93,Estonia
125,2021-11-13,45,18.4,11.9,18.4,11.6,2021-11-13T06:56,2021-11-13T16:52,0.05,5,4.0,1.9,28,5.92,Estonia
126,2021-11-05,61,16.8,10.0,15.4,8.9,2021-11-05T06:46,2021-11-05T17:01,0.63,3,5.8,6.8,43,5.37,Finland
127,2021-11-06,95,19.2,11.4,18.7,9.9,2021-11-06T06:47,2021-11-06T17:00,8.24,11,14.1,11.1,31,6.75,Finland
128,2021-11-07,95,24.7,13.9,23.4,12.2,2021-11-07T06:48,2021-11-07T16:58,4.58,9,21.6,19.4,93,10.12,Finland
129,2021-11-08,95,18.7,14.9,19.5,14.9,2021-11-08T06:50,2021-11-08T16:57,15.28,14,10.5,6.7,101,5.79,Finland
130,2021-11-09,80,18.5,13.4,18.5,12.8,2021-11-09T06:51,2021-11-09T16:56,4.83,12,9.2,11.8,33,5.74,Finland
131,2021-11-10,63,20.3,14.5,21.0,14.5,2021-11-10T06:52,2021-11-10T16:55,7.48,7,9.8,7.0,28,4.89,Finland
132,2021-11-11,3,21.2,14.6,21.2,15.0,2021-11-11T06:53,2021-11-11T16:54,3.36,2,8.8,3.0,29,9.9,Finland
133,2021-11-12,61,19.4,14.5,20.0,14.3,2021-11-12T06:54,2021-11-12T16:53,0.13,4,5.6,5.0,34,5.93,Finland
134,2021-11-13,45,18.4,11.9,18.4,11.6,2021-11-13T06:56,2021-11-13T16:52,0.05,5,4.0,1.9,28,5.92,Finland
135,2021-11-05,61,16.8,10.0,15.4,8.9,2021-11-05T06:46,2021-11-05T17:01,0.63,3,5.8,6.8,43,5.37,France
136,2021-11-06,95,19.2,11.4,18.7,9.9,2021-11-06T06:47,2021-11-06T17:00,8.24,11,14.1,11.1,31,6.75,France
137,2021-11-07,95,24.7,13.9,23.4,12.2,2021-11-07T06:48,2021-11-07T16:58,4.58,9,21.6,19.4,93,10.12,France
138,2021-11-08,95,18.7,14.9,19.5,14.9,2021-11-08T06:50,2021-11-08T16:57,15.28,14,10.5,6.7,101,5.79,France
139,2021-11-09,80,18.5,13.4,18.5,12.8,2021-11-09T06:51,2021-11-09T16:56,4.83,12,9.2,11.8,33,5.74,France
140,2021-11-10,63,20.3,14.5,21.0,14.5,2021-11-10T06:52,2021-11-10T16:55,7.48,7,9.8,7.0,28,4.89,France
141,2021-11-11,3,21.2,14.6,21.2,15.0,2021-11-11T06:53,2021-11-11T16:54,3.36,2,8.8,3.0,29,9.9,France
142,2021-11-12,61,19.4,14.5,20.0,14.3,2021-11-12T06:54,2021-11-12T16:53,0.13,4,5.6,5.0,34,5.93,France
143,2021-11-13,45,18.4,11.9,18.4,11.6,2021-11-13T06:56,2021-11-13T16:52,0.05,5,4.0,1.9,28,5.92,France
144,2021-11-05,61,16.8,10.0,15.4,8.9,2021-11-05T06:46,2021-11-05T17:01,0.63,3,5.8,6.8,43,5.37,Georgia
145,2021-11-06,95,19.2,11.4,18.7,9.9,2021-11-06T06:47,2021-11-06T17:00,8.24,11,14.1,11.1,31,6.75,Georgia
146,2021-11-07,95,24.7,13.9,23.4,12.2,2021-11-07T06:48,2021-11-07T16:58,4.58,9,21.6,19.4,93,10.12,Georgia
147,2021-11-08,95,18.7,14.9,19.5,14.9,2021-11-08T06:50,2021-11-08T16:57,15.28,14,10.5,6.7,101,5.79,Georgia
148,2021-11-09,80,18.5,13.4,18.5,12.8,2021-11-09T06:51,2021-11-09T16:56,4.83,12,9.2,11.8,33,5.74,Georgia
149,2021-11-10,63,20.3,14.5,21.0,14.5,2021-11-10T06:52,2021-11-10T16:55,7.48,7,9.8,7.0,28,4.89,Georgia
150,2021-11-11,3,21.2,14.6,21.2,15.0,2021-11-11T06:53,2021-11-11T16:54,3.36,2,8.8,3.0,29,9.9,Georgia
151,2021-11-12,61,19.4,14.5,20.0,14.3,2021-11-12T06:54,2021-11-12T16:53,0.13,4,5.6,5.0,34,5.93,Georgia
152,2021-11-13,45,18.4,11.9,18.4,11.6,2021-11-13T06:56,2021-11-13T16:52,0.05,5,4.0,1.9,28,5.92,Georgia
153,2021-11-05,61,16.8,10.0,15.4,8.9,2021-11-05T06:46,2021-11-05T17:01,0.63,3,5.8,6.8,43,5.37,Germany
154,2021-11-06,95,19.2,11.4,18.7,9.9,2021-11-06T06:47,2021-11-06T17:00,8.24,11,14.1,11.1,31,6.75,Germany
155,2021-11-07,95,24.7,13.9,23.4,12.2,2021-11-07T06:48,2021-11-07T16:58,4.58,9,21.6,19.4,93,10.12,Germany
156,2021-11-08,95,18.7,14.9,19.5,14.9,2021-11-08T06:50,2021-11-08T16:57,15.28,14,10.5,6.7,101,5.79,Germany
157,2021-11-09,80,18.5,13.4,18.5,12.8,2021-11-09T06:51,2021-11-09T16:56,4.83,12,9.2,11.8,33,5.74,Germany
158,2021-11-10,63,20.3,14.5,21.0,14.5,2021-11-10T06:52,2021-11-10T16:55,7.48,7,9.8,7.0,28,4.89,Germany
159,2021-11-11,3,21.2,14.6,21.2,15.0,2021-11-11T06:53,2021-11-11T16:54,3.36,2,8.8,3.0,29,9.9,Germany
160,2021-11-12,61,19.4,14.5,20.0,14.3,2021-11-12T06:54,2021-11-12T16:53,0.13,4,5.6,5.0,34,5.93,Germany
161,2021-11-13,45,18.4,11.9,18.4,11.6,2021-11-13T06:56,2021-11-13T16:52,0.05,5,4.0,1.9,28,5.92,Germany
162,2021-11-05,61,16.8,10.0,15.4,8.9,2021-11-05T06:46,2021-11-05T17:01,0.63,3,5.8,6.8,43,5.37,Greece
163,2021-11-06,95,19.2,11.4,18.7,9.9,2021-11-06T06:47,2021-11-06T17:00,8.24,11,14.1,11.1,31,6.75,Greece
164,2021-11-07,95,24.7,13.9,23.4,12.2,2021-11-07T06:48,2021-11-07T16:58,4.58,9,21.6,19.4,93,10.12,Greece
165,2021-11-08,95,18.7,14.9,19.5,14.9,2021-11-08T06:50,2021-11-08T16:57,15.28,14,10.5,6.7,101,5.79,Greece
166,2021-11-09,80,18.5,13.4,18.5,12.8,2021-11-09T06:51,2021-11-09T16:56,4.83,12,9.2,11.8,33,5.74,Greece
167,2021-11-10,63,20.3,14.5,21.0,14.5,2021-11-10T06:52,2021-11-10T16:55,7.48,7,9.8,7.0,28,4.89,Greece
168,2021-11-11,3,21.2,14.6,21.2,15.0,2021-11-11T06:53,2021-11-11T16:54,3.36,2,8.8,3.0,29,9.9,Greece
169,2021-11-12,61,19.4,14.5,20.0,14.3,2021-11-12T06:54,2021-11-12T16:53,0.13,4,5.6,5.0,34,5.93,Greece
170,2021-11-13,45,18.4,11.9,18.4,11.6,2021-11-13T06:56,2021-11-13T16:52,0.05,5,4.0,1.9,28,5.92,Greece
171,2021-11-05,61,16.8,10.0,15.4,8.9,2021-11-05T06:46,2021-11-05T17:01,0.63,3,5.8,6.8,43,5.37,Hungary
172,2021-11-06,95,19.2,11.4,18.7,9.9,2021-11-06T06:47,2021-11-06T17:00,8.24,11,14.1,11.1,31,6.75,Hungary
173,2021-11-07,95,24.7,13.9,23.4,12.2,2021-11-07T06:48,2021-11-07T16:58,4.58,9,21.6,19.4,93,10.12,Hungary
174,2021-11-08,95,18.7,14.9,19.5,14.9,2021-11-08T06:50,2021-11-08T16:57,15.28,14,10.5,6.7,101,5.79,Hungary
175,2021-11-09,80,18.5,13.4,18.5,12.8,2021-11-09T06:51,2021-11-09T16:56,4.83,12,9.2,11.8,33,5.74,Hungary
176,2021-11-10,63,20.3,14.5,21.0,14.5,2021-11-10T06:52,2021-11-10T16:55,7.48,7,9.8,7.0,28,4.89,Hungary
177,2021-11-11,3,21.2,14.6,21.2,15.0,2021-11-11T06:53,2021-11-11T16:54,3.36,2,8.8,3.0,29,9.9,Hungary
178,2021-11-12,61,19.4,14.5,20.0,14.3,2021-11-12T06:54,2021-11-12T16:53,0.13,4,5.6,5.0,34,5.93,Hungary
179,2021-11-13,45,18.4,11.9,18.4,11.6,2021-11-13T06:56,2021-11-13T16:52,0.05,5,4.0,1.9,28,5.92,Hungary
180,2021-11-05,61,16.8,10.0,15.4,8.9,2021-11-05T06:46,2021-11-05T17:01,0.63,3,5.8,6.8,43,5.37,Iceland
181,2021-11-06,95,19.2,11.4,18.7,9.9,2021-11-06T06:47,2021-11-06T17:00,8.24,11,14.1,11.1,31,6.75,Iceland
182,2021-11-07,95,24.7,13.9,23.4,12.2,2021-11-07T06:48,2021-11-07T16:58,4.58,9,21.6,19.4,93,10.12,Iceland
183,2021-11-08,95,18.7,14.9,19.5,14.9,2021-11-08T06:50,2021-11-08T16:57,15.28,14,10.5,6.7,101,5.79,Iceland
184,2021-11-09,80,18.5,13.4,18.5,12.8,2021-11-09T06:51,2021-11-09T16:56,4.83,12,9.2,11.8,33,5.74,Iceland
185,2021-11-10,63,20.3,14.5,21.0,14.5,2021-11-10T06:52,2021-11-10T16:55,7.48,7,9.8,7.0,28,4.89,Iceland
186,2021-11-11,3,21.2,14.6,21.2,15.0,2021-11-11T06:53,2021-11-11T16:54,3.36,2,8.8,3.0,29,9.9,Iceland
187,2021-11-12,61,19.4,14.5,20.0,14.3,2021-11-12T06:54,2021-11-12T16:53,0.13,4,5.6,5.0,34,5.93,Iceland
188,2021-11-13,45,18.4,11.9,18.4,11.6,2021-11-13T06:56,2021-11-13T16:52,0.05,5,4.0,1.9,28,5.92,Iceland
189,2021-11-05,61,16.8,10.0,15.4,8.9,2021-11-05T06:46,2021-11-05T17:01,0.63,3,5.8,6.8,43,5.37,Ireland
190,2021-11-06,95,19.2,11.4,18.7,9.9,2021-11-06T06:47,2021-11-06T17:00,8.24,11,14.1,11.1,31,6.75,Ireland
191,2021-11-07,95,24.7,13.9,23.4,12.2,2021-11-07T06:48,2021-11-07T16:58,4.58,9,21.6,19.4,93,10.12,Ireland
192,2021-11-08,95,18.7,14.9,19.5,14.9,2021-11-08T06:50,2021-11-08T16:57,15.28,14,10.5,6.7,101,5.79,Ireland
193,2021-11-09,80,18.5,13.4,18.5,12.8,2021-11-09T06:51,2021-11-09T16:56,4.83,12,9.2,11.8,33,5.74,Ireland
194,2021-11-10,63,20.3,14.5,21.0,14.5,2021-11-10T06:52,2021-11-10T16:55,7.48,7,9.8,7.0,28,4.89,Ireland
195,2021-11-11,3,21.2,14.6,21.2,15.0,2021-11-11T06:53,2021-11-11T16:54,3.36,2,8.8,3.0,29,9.9,Ireland
196,2021-11-12,61,19.4,14.5,20.0,14.3,2021-11-12T06:54,2021-11-12T16:53,0.13,4,5.6,5.0,34,5.93,Ireland
197,2021-11-13,45,18.4,11.9,18.4,11.6,2021-11-13T06:56,2021-11-13T16:52,0.05,5,4.0,1.9,28,5.92,Ireland
198,2021-11-05,61,16.8,10.0,15.4,8.9,2021-11-05T06:46,2021-11-05T17:01,0.63,3,5.8,6.8,43,5.37,Italy
199,2021-11-06,95,19.2,11.4,18.7,9.9,2021-11-06T06:47,2021-11-06T17:00,8.24,11,14.1,11.1,31,6.75,Italy
200,2021-11-07,95,24.7,13.9,23.4,12.2,2021-11-07T06:48,2021-11-07T16:58,4.58,9,21.6,19.4,93,10.12,Italy
201,2021-11-08,95,18.7,14.9,19.5,14.9,2021-11-08T06:50,2021-11-08T16:57,15.28,14,10.5,6.7,101,5.79,Italy
202,2021-11-09,80,18.5,13.4,18.5,12.8,2021-11-09T06:51,2021-11-09T16:56,4.83,12,9.2,11.8,33,5.74,Italy
203,2021-11-10,63,20.3,14.5,21.0,14.5,2021-11-10T06:52,2021-11-10T16:55,7.48,7,9.8,7.0,28,4.89,Italy
204,2021-11-11,3,21.2,14.6,21.2,15.0,2021-11-11T06:53,2021-11-11T16:54,3.36,2,8.8,3.0,29,9.9,Italy
205,2021-11-12,61,19.4,14.5,20.0,14.3,2021-11-12T06:54,2021-11-12T16:53,0.13,4,5.6,5.0,34,5.93,Italy
206,2021-11-13,45,18.4,11.9,18.4,11.6,2021-11-13T06:56,2021-11-13T16:52,0.05,5,4.0,1.9,28,5.92,Italy
207,2021-11-05,61,16.8,10.0,15.4,8.9,2021-11-05T06:46,2021-11-05T17:01,0.63,3,5.8,6.8,43,5.37,Kazakhstan
208,2021-11-06,95,19.2,11.4,18.7,9.9,2021-11-06T06:47,2021-11-06T17:00,8.24,11,14.1,11.1,31,6.75,Kazakhstan
209,2021-11-07,95,24.7,13.9,23.4,12.2,2021-11-07T06:48,2021-11-07T16:58,4.58,9,21.6,19.4,93,10.12,Kazakhstan
210,2021-11-08,95,18.7,14.9,19.5,14.9,2021-11-08T06:50,2021-11-08T16:57,15.28,14,10.5,6.7,101,5.79,Kazakhstan
211,2021-11-09,80,18.5,13.4,18.5,12.8,2021-11-09T06:51,2021-11-09T16:56,4.83,12,9.2,11.8,33,5.74,Kazakhstan
212,2021-11-10,63,20.3,14.5,21.0,14.5,2021-11-10T06:52,2021-11-10T16:55,7.48,7,9.8,7.0,28,4.89,Kazakhstan
213,2021-11-11,3,21.2,14.6,21.2,15.0,2021-11-11T06:53,2021-11-11T16:54,3.36,2,8.8,3.0,29,9.9,Kazakhstan
214,2021-11-12,61,19.4,14.5,20.0,14.3,2021-11-12T06:54,2021-11-12T16:53,0.13,4,5.6,5.0,34,5.93,Kazakhstan
215,2021-11-13,45,18.4,11.9,18.4,11.6,2021-11-13T06:56,2021-11-13T16:52,0.05,5,4.0,1.9,28,5.92,Kazakhstan
216,2021-11-05,61,16.8,10.0,15.4,8.9,2021-11-05T06:46,2021-11-05T17:01,0.63,3,5.8,6.8,43,5.37,Kosovo
217,2021-11-06,95,19.2,11.4,18.7,9.9,2021-11-06T06:47,2021-11-06T17:00,8.24,11,14.1,11.1,31,6.75,Kosovo
218,2021-11-07,95,24.7,13.9,23.4,12.2,2021-11-07T06:48,2021-11-07T16:58,4.58,9,21.6,19.4,93,10.12,Kosovo
219,2021-11-08,95,18.7,14.9,19.5,14.9,2021-11-08T06:50,2021-11-08T16:57,15.28,14,10.5,6.7,101,5.79,Kosovo
220,2021-11-09,80,18.5,13.4,18.5,12.8,2021-11-09T06:51,2021-11-09T16:56,4.83,12,9.2,11.8,33,5.74,Kosovo
221,2021-11-10,63,20.3,14.5,21.0,14.5,2021-11-10T06:52,2021-11-10T16:55,7.48,7,9.8,7.0,28,4.89,Kosovo
222,2021-11-11,3,21.2,14.6,21.2,15.0,2021-11-11T06:53,2021-11-11T16:54,3.36,2,8.8,3.0,29,9.9,Kosovo
223,2021-11-12,61,19.4,14.5,20.0,14.3,2021-11-12T06:54,2021-11-12T16:53,0.13,4,5.6,5.0,34,5.93,Kosovo
224,2021-11-13,45,18.4,11.9,18.4,11.6,2021-11-13T06:56,2021-11-13T16:52,0.05,5,4.0,1.9,28,5.92,Kosovo
225,2021-11-05,61,16.8,10.0,15.4,8.9,2021-11-05T06:46,2021-11-05T17:01,0.63,3,5.8,6.8,43,5.37,Latvia
226,2021-11-06,95,19.2,11.4,18.7,9.9,2021-11-06T06:47,2021-11-06T17:00,8.24,11,14.1,11.1,31,6.75,Latvia
227,2021-11-07,95,24.7,13.9,23.4,12.2,2021-11-07T06:48,2021-11-07T16:58,4.58,9,21.6,19.4,93,10.12,Latvia
228,2021-11-08,95,18.7,14.9,19.5,14.9,2021-11-08T06:50,2021-11-08T16:57,15.28,14,10.5,6.7,101,5.79,Latvia
229,2021-11-09,80,18.5,13.4,18.5,12.8,2021-11-09T06:51,2021-11-09T16:56,4.83,12,9.2,11.8,33,5.74,Latvia
230,2021-11-10,63,20.3,14.5,21.0,14.5,2021-11-10T06:52,2021-11-10T16:55,7.48,7,9.8,7.0,28,4.89,Latvia
231,2021-11-11,3,21.2,14.6,21.2,15.0,2021-11-11T06:53,2021-11-11T16:54,3.36,2,8.8,3.0,29,9.9,Latvia
232,2021-11-12,61,19.4,14.5,20.0,14.3,2021-11-12T06:54,2021-11-12T16:53,0.13,4,5.6,5.0,34,5.93,Latvia
233,2021-11-13,45,18.4,11.9,18.4,11.6,2021-11-13T06:56,2021-11-13T16:52,0.05,5,4.0,1.9,28,5.92,Latvia
234,2021-11-05,61,16.8,10.0,15.4,8.9,2021-11-05T06:46,2021-11-05T17:01,0.63,3,5.8,6.8,43,5.37,Liechtenstein
235,2021-11-06,95,19.2,11.4,18.7,9.9,2021-11-06T06:47,2021-11-06T17:00,8.24,11,14.1,11.1,31,6.75,Liechtenstein
236,2021-11-07,95,24.7,13.9,23.4,12.2,2021-11-07T06:48,2021-11-07T16:58,4.58,9,21.6,19.4,93,10.12,Liechtenstein
237,2021-11-08,95,18.7,14.9,19.5,14.9,2021-11-08T06:50,2021-11-08T16:57,15.28,14,10.5,6.7,101,5.79,Liechtenstein
238,2021-11-09,80,18.5,13.4,18.5,12.8,2021-11-09T06:51,2021-11-09T16:56,4.83,12,9.2,11.8,33,5.74,Liechtenstein
239,2021-11-10,63,20.3,14.5,21.0,14.5,2021-11-10T06:52,2021-11-10T16:55,7.48,7,9.8,7.0,28,4.89,Liechtenstein
240,2021-11-11,3,21.2,14.6,21.2,15.0,2021-11-11T06:53,2021-11-11T16:54,3.36,2,8.8,3.0,29,9.9,Liechtenstein
241,2021-11-12,61,19.4,14.5,20.0,14.3,2021-11-12T06:54,2021-11-12T16:53,0.13,4,5.6,5.0,34,5.93,Liechtenstein
242,2021-11-13,45,18.4,11.9,18.4,11.6,2021-11-13T06:56,2021-11-13T16:52,0.05,5,4.0,1.9,28,5.92,Liechtenstein
243,2021-11-05,61,16.8,10.0,15.4,8.9,2021-11-05T06:46,2021-11-05T17:01,0.63,3,5.8,6.8,43,5.37,Lithuania
244,2021-11-06,95,19.2,11.4,18.7,9.9,2021-11-06T06:47,2021-11-06T17:00,8.24,11,14.1,11.1,31,6.75,Lithuania
245,2021-11-07,95,24.7,13.9,23.4,12.2,2021-11-07T06:48,2021-11-07T16:58,4.58,9,21.6,19.4,93,10.12,Lithuania
246,2021-11-08,95,18.7,14.9,19.5,14.9,2021-11-08T06:50,2021-11-08T16:57,15.28,14,10.5,6.7,101,5.79,Lithuania
247,2021-11-09,80,18.5,13.4,18.5,12.8,2021-11-09T06:51,2021-11-09T16:56,4.83,12,9.2,11.8,33,5.74,Lithuania
248,2021-11-10,63,20.3,14.5,21.0,14.5,2021-11-10T06:52,2021-11-10T16:55,7.48,7,9.8,7.0,28,4.89,Lithuania
249,2021-11-11,3,21.2,14.6,21.2,15.0,2021-11-11T06:53,2021-11-11T16:54,3.36,2,8.8,3.0,29,9.9,Lithuania
250,2021-11-12,61,19.4,14.5,20.0,14.3,2021-11-12T06:54,2021-11-12T16:53,0.13,4,5.6,5.0,34,5.93,Lithuania
251,2021-11-13,45,18.4,11.9,18.4,11.6,2021-11-13T06:56,2021-11-13T16:52,0.05,5,4.0,1.9,28,5.92,Lithuania
252,2021-11-05,61,16.8,10.0,15.4,8.9,2021-11-05T06:46,2021-11-05T17:01,0.63,3,5.8,6.8,43,5.37,Luxembourg
253,2021-11-06,95,19.2,11.4,18.7,9.9,2021-11-06T06:47,2021-11-06T17:00,8.24,11,14.1,11.1,31,6.75,Luxembourg
254,2021-11-07,95,24.7,13.9,23.4,12.2,2021-11-07T06:48,2021-11-07T16:58,4.58,9,21.6,19.4,93,10.12,Luxembourg
255,2021-11-08,95,18.7,14.9,19.5,14.9,2021-11-08T06:50,2021-11-08T16:57,15.28,14,10.5,6.7,101,5.79,Luxembourg
256,2021-11-09,80,18.5,13.4,18.5,12.8,2021-11-09T06:51,2021-11-09T16:56,4.83,12,9.2,11.8,33,5.74,Luxembourg
257,2021-11-10,63,20.3,14.5,21.0,14.5,2021-11-10T06:52,2021-11-10T16:55,7.48,7,9.8,7.0,28,4.89,Luxembourg
258,2021-11-11,3,21.2,14.6,21.2,15.0,2021-11-11T06:53,2021-11-11T16:54,3.36,2,8.8,3.0,29,9.9,Luxembourg
259,2021-11-12,61,19.4,14.5,20.0,14.3,2021-11-12T06:54,2021-11-12T16:53,0.13,4,5.6,5.0,34,5.93,Luxembourg
260,2021-11-13,45,18.4,11.9,18.4,11.6,2021-11-13T06:56,2021-11-13T16:52,0.05,5,4.0,1.9,28,5.92,Luxembourg
261,2021-11-05,61,16.8,10.0,15.4,8.9,2021-11-05T06:46,2021-11-05T17:01,0.63,3,5.8,6.8,43,5.37,Malta
262,2021-11-06,95,19.2,11.4,18.7,9.9,2021-11-06T06:47,2021-11-06T17:00,8.24,11,14.1,11.1,31,6.75,Malta
263,2021-11-07,95,24.7,13.9,23.4,12.2,2021-11-07T06:48,2021-11-07T16:58,4.58,9,21.6,19.4,93,10.12,Malta
264,2021-11-08,95,18.7,14.9,19.5,14.9,2021-11-08T06:50,2021-11-08T16:57,15.28,14,10.5,6.7,101,5.79,Malta
265,2021-11-09,80,18.5,13.4,18.5,12.8,2021-11-09T06:51,2021-11-09T16:56,4.83,12,9.2,11.8,33,5.74,Malta
266,2021-11-10,63,20.3,14.5,21.0,14.5,2021-11-10T06:52,2021-11-10T16:55,7.48,7,9.8,7.0,28,4.89,Malta
267,2021-11-11,3,21.2,14.6,21.2,15.0,2021-11-11T06:53,2021-11-11T16:54,3.36,2,8.8,3.0,29,9.9,Malta
268,2021-11-12,61,19.4,14.5,20.0,14.3,2021-11-12T06:54,2021-11-12T16:53,0.13,4,5.6,5.0,34,5.93,Malta
269,2021-11-13,45,18.4,11.9,18.4,11.6,2021-11-13T06:56,2021-11-13T16:52,0.05,5,4.0,1.9,28,5.92,Malta
270,2021-11-05,61,16.8,10.0,15.4,8.9,2021-11-05T06:46,2021-11-05T17:01,0.63,3,5.8,6.8,43,5.37,Moldova
271,2021-11-06,95,19.2,11.4,18.7,9.9,2021-11-06T06:47,2021-11-06T17:00,8.24,11,14.1,11.1,31,6.75,Moldova
272,2021-11-07,95,24.7,13.9,23.4,12.2,2021-11-07T06:48,2021-11-07T16:58,4.58,9,21.6,19.4,93,10.12,Moldova
273,2021-11-08,95,18.7,14.9,19.5,14.9,2021-11-08T06:50,2021-11-08T16:57,15.28,14,10.5,6.7,101,5.79,Moldova
274,2021-11-09,80,18.5,13.4,18.5,12.8,2021-11-09T06:51,2021-11-09T16:56,4.83,12,9.2,11.8,33,5.74,Moldova
275,2021-11-10,63,20.3,14.5,21.0,14.5,2021-11-10T06:52,2021-11-10T16:55,7.48,7,9.8,7.0,28,4.89,Moldova
276,2021-11-11,3,21.2,14.6,21.2,15.0,2021-11-11T06:53,2021-11-11T16:54,3.36,2,8.8,3.0,29,9.9,Moldova
277,2021-11-12,61,19.4,14.5,20.0,14.3,2021-11-12T06:54,2021-11-12T16:53,0.13,4,5.6,5.0,34,5.93,Moldova
278,2021-11-13,45,18.4,11.9,18.4,11.6,2021-11-13T06:56,2021-11-13T16:52,0.05,5,4.0,1.9,28,5.92,Moldova
279,2021-11-05,61,16.8,10.0,15.4,8.9,2021-11-05T06:46,2021-11-05T17:01,0.63,3,5.8,6.8,43,5.37,Monaco
280,2021-11-06,95,19.2,11.4,18.7,9.9,2021-11-06T06:47,2021-11-06T17:00,8.24,11,14.1,11.1,31,6.75,Monaco
281,2021-11-07,95,24.7,13.9,23.4,12.2,2021-11-07T06:48,2021-11-07T16:58,4.58,9,21.6,19.4,93,10.12,Monaco
282,2021-11-08,95,18.7,14.9,19.5,14.9,2021-11-08T06:50,2021-11-08T16:57,15.28,14,10.5,6.7,101,5.79,Monaco
283,2021-11-09,80,18.5,13.4,18.5,12.8,2021-11-09T06:51,2021-11-09T16:56,4.83,12,9.2,11.8,33,5.74,Monaco
284,2021-11-10,63,20.3,14.5,21.0,14.5,2021-11-10T06:52,2021-11-10T16:55,7.48,7,9.8,7.0,28,4.89,Monaco
285,2021-11-11,3,21.2,14.6,21.2,15.0,2021-11-11T06:53,2021-11-11T16:54,3.36,2,8.8,3.0,29,9.9,Monaco
286,2021-11-12,61,19.4,14.5,20.0,14.3,2021-11-12T06:54,2021-11-12T16:53,0.13,4,5.6,5.0,34,5.93,Monaco
287,2021-11-13,45,18.4,11.9,18.4,11.6,2021-11-13T06:56,2021-11-13T16:52,0.05,5,4.0,1.9,28,5.92,Monaco
288,2021-11-05,61,16.8,10.0,15.4,8.9,2021-11-05T06:46,2021-11-05T17:01,0.63,3,5.8,6.8,43,5.37,Montenegro
289,2021-11-06,95,19.2,11.4,18.7,9.9,2021-11-06T06:47,2021-11-06T17:00,8.24,11,14.1,11.1,31,6.75,Montenegro
290,2021-11-07,95,24.7,13.9,23.4,12.2,2021-11-07T06:48,2021-11-07T16:58,4.58,9,21.6,19.4,93,10.12,Montenegro
291,2021-11-08,95,18.7,14.9,19.5,14.9,2021-11-08T06:50,2021-11-08T16:57,15.28,14,10.5,6.7,101,5.79,Montenegro
292,2021-11-09,80,18.5,13.4,18.5,12.8,2021-11-09T06:51,2021-11-09T16:56,4.83,12,9.2,11.8,33,5.74,Montenegro
293,2021-11-10,63,20.3,14.5,21.0,14.5,2021-11-10T06:52,2021-11-10T16:55,7.48,7,9.8,7.0,28,4.89,Montenegro
294,2021-11-11,3,21.2,14.6,21.2,15.0,2021-11-11T06:53,2021-11-11T16:54,3.36,2,8.8,3.0,29,9.9,Montenegro
295,2021-11-12,61,19.4,14.5,20.0,14.3,2021-11-12T06:54,2021-11-12T16:53,0.13,4,5.6,5.0,34,5.93,Montenegro
296,2021-11-13,45,18.4,11.9,18.4,11.6,2021-11-13T06:56,2021-11-13T16:52,0.05,5,4.0,1.9,28,5.92,Montenegro
297,2021-11-05,61,16.8,10.0,15.4,8.9,2021-11-05T06:46,2021-11-05T17:01,0.63,3,5.8,6.8,43,5.37,Netherlands
298,2021-11-06,95,19.2,11.4,18.7,9.9,2021-11-06T06:47,2021-11-06T17:00,8.24,11,14.1,11.1,31,6.75,Netherlands
299,2021-11-07,95,24.7,13.9,23.4,12.2,2021-11-07T06:48,2021-11-07T16:58,4.58,9,21.6,19.4,93,10.12,Netherlands
300,2021-11-08,95,18.7,14.9,19.5,14.9,2021-11-08T06:50,2021-11-08T16:57,15.28,14,10.5,6.7,101,5.79,Netherlands
301,2021-11-09,80,18.5,13.4,18.5,12.8,2021-11-09T06:51,2021-11-09T16:56,4.83,12,9.2,11.8,33,5.74,Netherlands
302,2021-11-10,63,20.3,14.5,21.0,14.5,2021-11-10T06:52,2021-11-10T16:55,7.48,7,9.8,7.0,28,4.89,Netherlands
303,2021-11-11,3,21.2,14.6,21.2,15.0,2021-11-11T06:53,2021-11-11T16:54,3.36,2,8.8,3.0,29,9.9,Netherlands
304,2021-11-12,61,19.4,14.5,20.0,14.3,2021-11-12T06:54,2021-11-12T16:53,0.13,4,5.6,5.0,34,5.93,Netherlands
305,2021-11-13,45,18.4,11.9,18.4,11.6,2021-11-13T06:56,2021-11-13T16:52,0.05,5,4.0,1.9,28,5.92,Netherlands
306,2021-11-05,61,16.8,10.0,15.4,8.9,2021-11-05T06:46,2021-11-05T17:01,0.63,3,5.8,6.8,43,5.37,North Macedonia
307,2021-11-06,95,19.2,11.4,18.7,9.9,2021-11-06T06:47,2021-11-06T17:00,8.24,11,14.1,11.1,31,6.75,North Macedonia
308,2021-11-07,95,24.7,13.9,23.4,12.2,2021-11-07T06:48,2021-11-07T16:58,4.58,9,21.6,19.4,93,10.12,North Macedonia
309,2021-11-08,95,18.7,14.9,19.5,14.9,2021-11-08T06:50,2021-11-08T16:57,15.28,14,10.5,6.7,101,5.79,North Macedonia
310,2021-11-09,80,18.5,13.4,18.5,12.8,2021-11-09T06:51,2021-11-09T16:56,4.83,12,9.2,11.8,33,5.74,North Macedonia
311,2021-11-10,63,20.3,14.5,21.0,14.5,2021-11-10T06:52,2021-11-10T16:55,7.48,7,9.8,7.0,28,4.89,North Macedonia
312,2021-11-11,3,21.2,14.6,21.2,15.0,2021-11-11T06:53,2021-11-11T16:54,3.36,2,8.8,3.0,29,9.9,North Macedonia
313,2021-11-12,61,19.4,14.5,20.0,14.3,2021-11-12T06:54,2021-11-12T16:53,0.13,4,5.6,5.0,34,5.93,North Macedonia
314,2021-11-13,45,18.4,11.9,18.4,11.6,2021-11-13T06:56,2021-11-13T16:52,0.05,5,4.0,1.9,28,5.92,North Macedonia
315,2021-11-05,61,16.8,10.0,15.4,8.9,2021-11-05T06:46,2021-11-05T17:01,0.63,3,5.8,6.8,43,5.37,Norway
316,2021-11-06,95,19.2,11.4,18.7,9.9,2021-11-06T06:47,2021-11-06T17:00,8.24,11,14.1,11.1,31,6.75,Norway
317,2021-11-07,95,24.7,13.9,23.4,12.2,2021-11-07T06:48,2021-11-07T16:58,4.58,9,21.6,19.4,93,10.12,Norway
318,2021-11-08,95,18.7,14.9,19.5,14.9,2021-11-08T06:50,2021-11-08T16:57,15.28,14,10.5,6.7,101,5.79,Norway
319,2021-11-09,80,18.5,13.4,18.5,12.8,2021-11-09T06:51,2021-11-09T16:56,4.83,12,9.2,11.8,33,5.74,Norway
320,2021-11-10,63,20.3,14.5,21.0,14.5,2021-11-10T06:52,2021-11-10T16:55,7.48,7,9.8,7.0,28,4.89,Norway
321,2021-11-11,3,21.2,14.6,21.2,15.0,2021-11-11T06:53,2021-11-11T16:54,3.36,2,8.8,3.0,29,9.9,Norway
322,2021-11-12,61,19.4,14.5,20.0,14.3,2021-11-12T06:54,2021-11-12T16:53,0.13,4,5.6,5.0,34,5.93,Norway
323,2021-11-13,45,18.4,11.9,18.4,11.6,2021-11-13T06:56,2021-11-13T16:52,0.05,5,4.0,1.9,28,5.92,Norway
324,2021-11-05,61,16.8,10.0,15.4,8.9,2021-11-05T06:46,2021-11-05T17:01,0.63,3,5.8,6.8,43,5.37,Poland
325,2021-11-06,95,19.2,11.4,18.7,9.9,2021-11-06T06:47,2021-11-06T17:00,8.24,11,14.1,11.1,31,6.75,Poland
326,2021-11-07,95,24.7,13.9,23.4,12.2,2021-11-07T06:48,2021-11-07T16:58,4.58,9,21.6,19.4,93,10.12,Poland
327,2021-11-08,95,18.7,14.9,19.5,14.9,2021-11-08T06:50,2021-11-08T16:57,15.28,14,10.5,6.7,101,5.79,Poland
328,2021-11-09,80,18.5,13.4,18.5,12.8,2021-11-09T06:51,2021-11-09T16:56,4.83,12,9.2,11.8,33,5.74,Poland
329,2021-11-10,63,20.3,14.5,21.0,14.5,2021-11-10T06:52,2021-11-10T16:55,7.48,7,9.8,7.0,28,4.89,Poland
330,2021-11-11,3,21.2,14.6,21.2,15.0,2021-11-11T06:53,2021-11-11T16:54,3.36,2,8.8,3.0,29,9.9,Poland
331,2021-11-12,61,19.4,14.5,20.0,14.3,2021-11-12T06:54,2021-11-12T16:53,0.13,4,5.6,5.0,34,5.93,Poland
332,2021-11-13,45,18.4,11.9,18.4,11.6,2021-11-13T06:56,2021-11-13T16:52,0.05,5,4.0,1.9,28,5.92,Poland
333,2021-11-05,61,16.8,10.0,15.4,8.9,2021-11-05T06:46,2021-11-05T17:01,0.63,3,5.8,6.8,43,5.37,Portugal
334,2021-11-06,95,19.2,11.4,18.7,9.9,2021-11-06T06:47,2021-11-06T17:00,8.24,11,14.1,11.1,31,6.75,Portugal
335,2021-11-07,95,24.7,13.9,23.4,12.2,2021-11-07T06:48,2021-11-07T16:58,4.58,9,21.6,19.4,93,10.12,Portugal
336,2021-11-08,95,18.7,14.9,19.5,14.9,2021-11-08T06:50,2021-11-08T16:57,15.28,14,10.5,6.7,101,5.79,Portugal
337,2021-11-09,80,18.5,13.4,18.5,12.8,2021-11-09T06:51,2021-11-09T16:56,4.83,12,9.2,11.8,33,5.74,Portugal
338,2021-11-10,63,20.3,14.5,21.0,14.5,2021-11-10T06:52,2021-11-10T16:55,7.48,7,9.8,7.0,28,4.89,Portugal
339,2021-11-11,3,21.2,14.6,21.2,15.0,2021-11-11T06:53,2021-11-11T16:54,3.36,2,8.8,3.0,29,9.9,Portugal
340,2021-11-12,61,19.4,14.5,20.0,14.3,2021-11-12T06:54,2021-11-12T16:53,0.13,4,5.6,5.0,34,5.93,Portugal
341,2021-11-13,45,18.4,11.9,18.4,11.6,2021-11-13T06:56,2021-11-13T16:52,0.05,5,4.0,1.9,28,5.92,Portugal
342,2021-11-05,61,16.8,10.0,15.4,8.9,2021-11-05T06:46,2021-11-05T17:01,0.63,3,5.8,6.8,43,5.37,Romania
343,2021-11-06,95,19.2,11.4,18.7,9.9,2021-11-06T06:47,2021-11-06T17:00,8.24,11,14.1,11.1,31,6.75,Romania
344,2021-11-07,95,24.7,13.9,23.4,12.2,2021-11-07T06:48,2021-11-07T16:58,4.58,9,21.6,19.4,93,10.12,Romania
345,2021-11-08,95,18.7,14.9,19.5,14.9,2021-11-08T06:50,2021-11-08T16:57,15.28,14,10.5,6.7,101,5.79,Romania
346,2021-11-09,80,18.5,13.4,18.5,12.8,2021-11-09T06:51,2021-11-09T16:56,4.83,12,9.2,11.8,33,5.74,Romania
347,2021-11-10,63,20.3,14.5,21.0,14.5,2021-11-10T06:52,2021-11-10T16:55,7.48,7,9.8,7.0,28,4.89,Romania
348,2021-11-11,3,21.2,14.6,21.2,15.0,2021-11-11T06:53,2021-11-11T16:54,3.36,2,8.8,3.0,29,9.9,Romania
349,2021-11-12,61,19.4,14.5,20.0,14.3,2021-11-12T06:54,2021-11-12T16:53,0.13,4,5.6,5.0,34,5.93,Romania
350,2021-11-13,45,18.4,11.9,18.4,11.6,2021-11-13T06:56,2021-11-13T16:52,0.05,5,4.0,1.9,28,5.92,Romania
351,2021-11-05,61,16.8,10.0,15.4,8.9,2021-11-05T06:46,2021-11-05T17:01,0.63,3,5.8,6.8,43,5.37,Russia
352,2021-11-06,95,19.2,11.4,18.7,9.9,2021-11-06T06:47,2021-11-06T17:00,8.24,11,14.1,11.1,31,6.75,Russia
353,2021-11-07,95,24.7,13.9,23.4,12.2,2021-11-07T06:48,2021-11-07T16:58,4.58,9,21.6,19.4,93,10.12,Russia
354,2021-11-08,95,18.7,14.9,19.5,14.9,2021-11-08T06:50,2021-11-08T16:57,15.28,14,10.5,6.7,101,5.79,Russia
355,2021-11-09,80,18.5,13.4,18.5,12.8,2021-11-09T06:51,2021-11-09T16:56,4.83,12,9.2,11.8,33,5.74,Russia
356,2021-11-10,63,20.3,14.5,21.0,14.5,2021-11-10T06:52,2021-11-10T16:55,7.48,7,9.8,7.0,28,4.89,Russia
357,2021-11-11,3,21.2,14.6,21.2,15.0,2021-11-11T06:53,2021-11-11T16:54,3.36,2,8.8,3.0,29,9.9,Russia
358,2021-11-12,61,19.4,14.5,20.0,14.3,2021-11-12T06:54,2021-11-12T16:53,0.13,4,5.6,5.0,34,5.93,Russia
359,2021-11-13,45,18.4,11.9,18.4,11.6,2021-11-13T06:56,2021-11-13T16:52,0.05,5,4.0,1.9,28,5.92,Russia
360,2021-11-05,61,16.8,10.0,15.4,8.9,2021-11-05T06:46,2021-11-05T17:01,0.63,3,5.8,6.8,43,5.37,San Marino
361,2021-11-06,95,19.2,11.4,18.7,9.9,2021-11-06T06:47,2021-11-06T17:00,8.24,11,14.1,11.1,31,6.75,San Marino
362,2021-11-07,95,24.7,13.9,23.4,12.2,2021-11-07T06:48,2021-11-07T16:58,4.58,9,21.6,19.4,93,10.12,San Marino
363,2021-11-08,95,18.7,14.9,19.5,14.9,2021-11-08T06:50,2021-11-08T16:57,15.28,14,10.5,6.7,101,5.79,San Marino
364,2021-11-09,80,18.5,13.4,18.5,12.8,2021-11-09T06:51,2021-11-09T16:56,4.83,12,9.2,11.8,33,5.74,San Marino
365,2021-11-10,63,20.3,14.5,21.0,14.5,2021-11-10T06:52,2021-11-10T16:55,7.48,7,9.8,7.0,28,4.89,San Marino
366,2021-11-11,3,21.2,14.6,21.2,15.0,2021-11-11T06:53,2021-11-11T16:54,3.36,2,8.8,3.0,29,9.9,San Marino
367,2021-11-12,61,19.4,14.5,20.0,14.3,2021-11-12T06:54,2021-11-12T16:53,0.13,4,5.6,5.0,34,5.93,San Marino
368,2021-11-13,45,18.4,11.9,18.4,11.6,2021-11-13T06:56,2021-11-13T16:52,0.05,5,4.0,1.9,28,5.92,San Marino
369,2021-11-05,61,16.8,10.0,15.4,8.9,2021-11-05T06:46,2021-11-05T17:01,0.63,3,5.8,6.8,43,5.37,Serbia
370,2021-11-06,95,19.2,11.4,18.7,9.9,2021-11-06T06:47,2021-11-06T17:00,8.24,11,14.1,11.1,31,6.75,Serbia
371,2021-11-07,95,24.7,13.9,23.4,12.2,2021-11-07T06:48,2021-11-07T16:58,4.58,9,21.6,19.4,93,10.12,Serbia
372,2021-11-08,95,18.7,14.9,19.5,14.9,2021-11-08T06:50,2021-11-08T16:57,15.28,14,10.5,6.7,101,5.79,Serbia
373,2021-11-09,80,18.5,13.4,18.5,12.8,2021-11-09T06:51,2021-11-09T16:56,4.83,12,9.2,11.8,33,5.74,Serbia
374,2021-11-10,63,20.3,14.5,21.0,14.5,2021-11-10T06:52,2021-11-10T16:55,7.48,7,9.8,7.0,28,4.89,Serbia
375,2021-11-11,3,21.2,14.6,21.2,15.0,2021-11-11T06:53,2021-11-11T16:54,3.36,2,8.8,3.0,29,9.9,Serbia
376,2021-11-12,61,19.4,14.5,20.0,14.3,2021-11-12T06:54,2021-11-12T16:53,0.13,4,5.6,5.0,34,5.93,Serbia
377,2021-11-13,45,18.4,11.9,18.4,11.6,2021-11-13T06:56,2021-11-13T16:52,0.05,5,4.0,1.9,28,5.92,Serbia
378,2021-11-05,61,16.8,10.0,15.4,8.9,2021-11-05T06:46,2021-11-05T17:01,0.63,3,5.8,6.8,43,5.37,Slovakia
379,2021-11-06,95,19.2,11.4,18.7,9.9,2021-11-06T06:47,2021-11-06T17:00,8.24,11,14.1,11.1,31,6.75,Slovakia
380,2021-11-07,95,24.7,13.9,23.4,12.2,2021-11-07T06:48,2021-11-07T16:58,4.58,9,21.6,19.4,93,10.12,Slovakia
381,2021-11-08,95,18.7,14.9,19.5,14.9,2021-11-08T06:50,2021-11-08T16:57,15.28,14,10.5,6.7,101,5.79,Slovakia
382,2021-11-09,80,18.5,13.4,18.5,12.8,2021-11-09T06:51,2021-11-09T16:56,4.83,12,9.2,11.8,33,5.74,Slovakia
383,2021-11-10,63,20.3,14.5,21.0,14.5,2021-11-10T06:52,2021-11-10T16:55,7.48,7,9.8,7.0,28,4.89,Slovakia
384,2021-11-11,3,21.2,14.6,21.2,15.0,2021-11-11T06:53,2021-11-11T16:54,3.36,2,8.8,3.0,29,9.9,Slovakia
385,2021-11-12,61,19.4,14.5,20.0,14.3,2021-11-12T06:54,2021-11-12T16:53,0.13,4,5.6,5.0,34,5.93,Slovakia
386,2021-11-13,45,18.4,11.9,18.4,11.6,2021-11-13T06:56,2021-11-13T16:52,0.05,5,4.0,1.9,28,5.92,Slovakia
387,2021-11-05,61,16.8,10.0,15.4,8.9,2021-11-05T06:46,2021-11-05T17:01,0.63,3,5.8,6.8,43,5.37,Slovenia
388,2021-11-06,95,19.2,11.4,18.7,9.9,2021-11-06T06:47,2021-11-06T17:00,8.24,11,14.1,11.1,31,6.75,Slovenia
389,2021-11-07,95,24.7,13.9,23.4,12.2,2021-11-07T06:48,2021-11-07T16:58,4.58,9,21.6,19.4,93,10.12,Slovenia
390,2021-11-08,95,18.7,14.9,19.5,14.9,2021-11-08T06:50,2021-11-08T16:57,15.28,14,10.5,6.7,101,5.79,Slovenia
391,2021-11-09,80,18.5,13.4,18.5,12.8,2021-11-09T06:51,2021-11-09T16:56,4.83,12,9.2,11.8,33,5.74,Slovenia
392,2021-11-10,63,20.3,14.5,21.0,14.5,2021-11-10T06:52,2021-11-10T16:55,7.48,7,9.8,7.0,28,4.89,Slovenia
393,2021-11-11,3,21.2,14.6,21.2,15.0,2021-11-11T06:53,2021-11-11T16:54,3.36,2,8.8,3.0,29,9.9,Slovenia
394,2021-11-12,61,19.4,14.5,20.0,14.3,2021-11-12T06:54,2021-11-12T16:53,0.13,4,5.6,5.0,34,5.93,Slovenia
395,2021-11-13,45,18.4,11.9,18.4,11.6,2021-11-13T06:56,2021-11-13T16:52,0.05,5,4.0,1.9,28,5.92,Slovenia
396,2021-11-05,61,16.8,10.0,15.4,8.9,2021-11-05T06:46,2021-11-05T17:01,0.63,3,5.8,6.8,43,5.37,Spain
397,2021-11-06,95,19.2,11.4,18.7,9.9,2021-11-06T06:47,2021-11-06T17:00,8.24,11,14.1,11.1,31,6.75,Spain
398,2021-11-07,95,24.7,13.9,23.4,12.2,2021-11-07T06:48,2021-11-07T16:58,4.58,9,21.6,19.4,93,10.12,Spain
399,2021-11-08,95,18.7,14.9,19.5,14.9,2021-11-08T06:50,2021-11-08T16:57,15.28,14,10.5,6.7,101,5.79,Spain
400,2021-11-09,80,18.5,13.4,18.5,12.8,2021-11-09T06:51,2021-11-09T16:56,4.83,12,9.2,11.8,33,5.74,Spain
401,2021-11-10,63,20.3,14.5,21.0,14.5,2021-11-10T06:52,2021-11-10T16:55,7.48,7,9.8,7.0,28,4.89,Spain
402,2021-11-11,3,21.2,14.6,21.2,15.0,2021-11-11T06:53,2021-11-11T16:54,3.36,2,8.8,3.0,29,9.9,Spain
403,2021-11-12,61,19.4,14.5,20.0,14.3,2021-11-12T06:54,2021-11-12T16:53,0.13,4,5.6,5.0,34,5.93,Spain
404,2021-11-13,45,18.4,11.9,18.4,11.6,2021-11-13T06:56,2021-11-13T16:52,0.05,5,4.0,1.9,28,5.92,Spain
405,2021-11-05,61,16.8,10.0,15.4,8.9,2021-11-05T06:46,2021-11-05T17:01,0.63,3,5.8,6.8,43,5.37,Sweden
406,2021-11-06,95,19.2,11.4,18.7,9.9,2021-11-06T06:47,2021-11-06T17:00,8.24,11,14.1,11.1,31,6.75,Sweden
407,2021-11-07,95,24.7,13.9,23.4,12.2,2021-11-07T06:48,2021-11-07T16:58,4.58,9,21.6,19.4,93,10.12,Sweden
408,2021-11-08,95,18.7,14.9,19.5,14.9,2021-11-08T06:50,2021-11-08T16:57,15.28,14,10.5,6.7,101,5.79,Sweden
409,2021-11-09,80,18.5,13.4,18.5,12.8,2021-11-09T06:51,2021-11-09T16:56,4.83,12,9.2,11.8,33,5.74,Sweden
410,2021-11-10,63,20.3,14.5,21.0,14.5,2021-11-10T06:52,2021-11-10T16:55,7.48,7,9.8,7.0,28,4.89,Sweden
411,2021-11-11,3,21.2,14.6,21.2,15.0,2021-11-11T06:53,2021-11-11T16:54,3.36,2,8.8,3.0,29,9.9,Sweden
412,2021-11-12,61,19.4,14.5,20.0,14.3,2021-11-12T06:54,2021-11-12T16:53,0.13,4,5.6,5.0,34,5.93,Sweden
413,2021-11-13,45,18.4,11.9,18.4,11.6,2021-11-13T06:56,2021-11-13T16:52,0.05,5,4.0,1.9,28,5.92,Sweden
414,2021-11-05,61,16.8,10.0,15.4,8.9,2021-11-05T06:46,2021-11-05T17:01,0.63,3,5.8,6.8,43,5.37,Switzerland
415,2021-11-06,95,19.2,11.4,18.7,9.9,2021-11-06T06:47,2021-11-06T17:00,8.24,11,14.1,11.1,31,6.75,Switzerland
416,2021-11-07,95,24.7,13.9,23.4,12.2,2021-11-07T06:48,2021-11-07T16:58,4.58,9,21.6,19.4,93,10.12,Switzerland
417,2021-11-08,95,18.7,14.9,19.5,14.9,2021-11-08T06:50,2021-11-08T16:57,15.28,14,10.5,6.7,101,5.79,Switzerland
418,2021-11-09,80,18.5,13.4,18.5,12.8,2021-11-09T06:51,2021-11-09T16:56,4.83,12,9.2,11.8,33,5.74,Switzerland
419,2021-11-10,63,20.3,14.5,21.0,14.5,2021-11-10T06:52,2021-11-10T16:55,7.48,7,9.8,7.0,28,4.89,Switzerland
420,2021-11-11,3,21.2,14.6,21.2,15.0,2021-11-11T06:53,2021-11-11T16:54,3.36,2,8.8,3.0,29,9.9,Switzerland
421,2021-11-12,61,19.4,14.5,20.0,14.3,2021-11-12T06:54,2021-11-12T16:53,0.13,4,5.6,5.0,34,5.93,Switzerland
422,2021-11-13,45,18.4,11.9,18.4,11.6,2021-11-13T06:56,2021-11-13T16:52,0.05,5,4.0,1.9,28,5.92,Switzerland
423,2021-11-05,61,16.8,10.0,15.4,8.9,2021-11-05T06:46,2021-11-05T17:01,0.63,3,5.8,6.8,43,5.37,Turkey
424,2021-11-06,95,19.2,11.4,18.7,9.9,2021-11-06T06:47,2021-11-06T17:00,8.24,11,14.1,11.1,31,6.75,Turkey
425,2021-11-07,95,24.7,13.9,23.4,12.2,2021-11-07T06:48,2021-11-07T16:58,4.58,9,21.6,19.4,93,10.12,Turkey
426,2021-11-08,95,18.7,14.9,19.5,14.9,2021-11-08T06:50,2021-11-08T16:57,15.28,14,10.5,6.7,101,5.79,Turkey
427,2021-11-09,80,18.5,13.4,18.5,12.8,2021-11-09T06:51,2021-11-09T16:56,4.83,12,9.2,11.8,33,5.74,Turkey
428,2021-11-10,63,20.3,14.5,21.0,14.5,2021-11-10T06:52,2021-11-10T16:55,7.48,7,9.8,7.0,28,4.89,Turkey
429,2021-11-11,3,21.2,14.6,21.2,15.0,2021-11-11T06:53,2021-11-11T16:54,3.36,2,8.8,3.0,29,9.9,Turkey
430,2021-11-12,61,19.4,14.5,20.0,14.3,2021-11-12T06:54,2021-11-12T16:53,0.13,4,5.6,5.0,34,5.93,Turkey
431,2021-11-13,45,18.4,11.9,18.4,11.6,2021-11-13T06:56,2021-11-13T16:52,0.05,5,4.0,1.9,28,5.92,Turkey
432,2021-11-05,61,16.8,10.0,15.4,8.9,2021-11-05T06:46,2021-11-05T17:01,0.63,3,5.8,6.8,43,5.37,Ukraine
433,2021-11-06,95,19.2,11.4,18.7,9.9,2021-11-06T06:47,2021-11-06T17:00,8.24,11,14.1,11.1,31,6.75,Ukraine
434,2021-11-07,95,24.7,13.9,23.4,12.2,2021-11-07T06:48,2021-11-07T16:58,4.58,9,21.6,19.4,93,10.12,Ukraine
435,2021-11-08,95,18.7,14.9,19.5,14.9,2021-11-08T06:50,2021-11-08T16:57,15.28,14,10.5,6.7,101,5.79,Ukraine
436,2021-11-09,80,18.5,13.4,18.5,12.8,2021-11-09T06:51,2021-11-09T16:56,4.83,12,9.2,11.8,33,5.74,Ukraine
437,2021-11-10,63,20.3,14.5,21.0,14.5,2021-11-10T06:52,2021-11-10T16:55,7.48,7,9.8,7.0,28,4.89,Ukraine
438,2021-11-11,3,21.2,14.6,21.2,15.0,2021-11-11T06:53,2021-11-11T16:54,3.36,2,8.8,3.0,29,9.9,Ukraine
439,2021-11-12,61,19.4,14.5,20.0,14.3,2021-11-12T06:54,2021-11-12T16:53,0.13,4,5.6,5.0,34,5.93,Ukraine
440,2021-11-13,45,18.4,11.9,18.4,11.6,2021-11-13T06:56,2021-11-13T16:52,0.05,5,4.0,1.9,28,5.92,Ukraine
441,2021-11-05,61,16.8,10.0,15.4,8.9,2021-11-05T06:46,2021-11-05T17:01,0.63,3,5.8,6.8,43,5.37,United Kingdom
442,2021-11-06,95,19.2,11.4,18.7,9.9,2021-11-06T06:47,2021-11-06T17:00,8.24,11,14.1,11.1,31,6.75,United Kingdom
443,2021-11-07,95,24.7,13.9,23.4,12.2,2021-11-07T06:48,2021-11-07T16:58,4.58,9,21.6,19.4,93,10.12,United Kingdom
444,2021-11-08,95,18.7,14.9,19.5,14.9,2021-11-08T06:50,2021-11-08T16:57,15.28,14,10.5,6.7,101,5.79,United Kingdom
445,2021-11-09,80,18.5,13.4,18.5,12.8,2021-11-09T06:51,2021-11-09T16:56,4.83,12,9.2,11.8,33,5.74,United Kingdom
446,2021-11-10,63,20.3,14.5,21.0,14.5,2021-11-10T06:52,2021-11-10T16:55,7.48,7,9.8,7.0,28,4.89,United Kingdom
447,2021-11-11,3,21.2,14.6,21.2,15.0,2021-11-11T06:53,2021-11-11T16:54,3.36,2,8.8,3.0,29,9.9,United Kingdom
448,2021-11-12,61,19.4,14.5,20.0,14.3,2021-11-12T06:54,2021-11-12T16:53,0.13,4,5.6,5.0,34,5.93,United Kingdom
449,2021-11-13,45,18.4,11.9,18.4,11.6,2021-11-13T06:56,2021-11-13T16:52,0.05,5,4.0,1.9,28,5.92,United Kingdom
450,2021-11-05,61,16.8,10.0,15.4,8.9,2021-11-05T06:46,2021-11-05T17:01,0.63,3,5.8,6.8,43,5.37,
451,2021-11-06,95,19.2,11.4,18.7,9.9,2021-11-06T06:47,2021-11-06T17:00,8.24,11,14.1,11.1,31,6.75,
452,2021-11-07,95,24.7,13.9,23.4,12.2,2021-11-07T06:48,2021-11-07T16:58,4.58,9,21.6,19.4,93,10.12,
453,2021-11-08,95,18.7,14.9,19.5,14.9,2021-11-08T06:50,2021-11-08T16:57,15.28,14,10.5,6.7,101,5.79,
454,2021-11-09,80,18.5,13.4,18.5,12.8,2021-11-09T06:51,2021-11-09T16:56,4.83,12,9.2,11.8,33,5.74,
455,2021-11-10,63,20.3,14.5,21.0,14.5,2021-11-10T06:52,2021-11-10T16:55,7.48,7,9.8,7.0,28,4.89,
456,2021-11-11,3,21.2,14.6,21.2,15.0,2021-11-11T06:53,2021-11-11T16:54,3.36,2,8.8,3.0,29,9.9,
457,2021-11-12,61,19.4,14.5,20.0,14.3,2021-11-12T06:54,2021-11-12T16:53,0.13,4,5.6,5.0,34,5.93,
458,2021-11-13,45,18.4,11.9,18.4,11.6,2021-11-13T06:56,2021-11-13T16:52,0.05,5,4.0,1.9,28,5.92,
